Houses,Price,Area
40,16002885.0,2018-05-27 20:36:53.497291.area
40,16646505.0,2018-05-27 20:36:55.132194.area
40,15964785.0,2018-05-27 20:36:56.205282.area
40,16320945.0,2018-05-27 20:36:57.340424.area
40,16365180.0,2018-05-27 20:36:58.820609.area
40,16738335.0,2018-05-27 20:37:00.207338.area
40,16843515.0,2018-05-27 20:37:01.837072.area
40,16734255.0,2018-05-27 20:37:03.523755.area
40,16895160.0,2018-05-27 20:37:05.542742.area
40,16826625.0,2018-05-27 20:37:07.120851.area
40,16119600.0,2018-05-27 20:37:08.085281.area
40,17434950.0,2018-05-27 20:37:10.372680.area
40,16340280.0,2018-05-27 20:37:11.708616.area
40,16470345.0,2018-05-27 20:37:13.465847.area
40,16851555.0,2018-05-27 20:37:15.082118.area
40,17381745.0,2018-05-27 20:37:17.404254.area
40,16322190.0,2018-05-27 20:37:18.555986.area
40,16452930.0,2018-05-27 20:37:19.768638.area
40,16522005.0,2018-05-27 20:37:21.106989.area
40,17498625.0,2018-05-27 20:37:23.030246.area
40,15945795.0,2018-05-27 20:37:24.216292.area
40,17120475.0,2018-05-27 20:37:26.239412.area
40,17138985.0,2018-05-27 20:37:28.228303.area
40,16862250.0,2018-05-27 20:37:30.136474.area
40,16634535.0,2018-05-27 20:37:31.779451.area
40,17052705.0,2018-05-27 20:37:33.518528.area
40,16032690.0,2018-05-27 20:37:34.626865.area
40,16832220.0,2018-05-27 20:37:36.293486.area
40,16868430.0,2018-05-27 20:37:37.912279.area
40,16957440.0,2018-05-27 20:37:40.158108.area
40,16287135.0,2018-05-27 20:37:41.505736.area
40,17116320.0,2018-05-27 20:37:43.115009.area
40,16553685.0,2018-05-27 20:37:44.681578.area
40,16269990.0,2018-05-27 20:37:46.129578.area
40,16410555.0,2018-05-27 20:37:47.390268.area
40,16358640.0,2018-05-27 20:37:48.818897.area
40,16842690.0,2018-05-27 20:37:50.337835.area
40,15884355.0,2018-05-27 20:37:51.413606.area
40,16453980.0,2018-05-27 20:37:53.033773.area
40,17179140.0,2018-05-27 20:37:55.470613.area
40,17064420.0,2018-05-27 20:37:57.152976.area
40,16819980.0,2018-05-27 20:37:58.776923.area
40,16148880.0,2018-05-27 20:37:59.964347.area
40,16761540.0,2018-05-27 20:38:01.518893.area
40,16840920.0,2018-05-27 20:38:03.060616.area
40,16704495.0,2018-05-27 20:38:04.539569.area
40,16556955.0,2018-05-27 20:38:05.885942.area
40,16646040.0,2018-05-27 20:38:07.449641.area
40,16716795.0,2018-05-27 20:38:09.834285.area
40,17060205.0,2018-05-27 20:38:11.811010.area
40,16195320.0,2018-05-27 20:38:13.396514.area
40,16734345.0,2018-05-27 20:38:14.877775.area
40,16946925.0,2018-05-27 20:38:16.677822.area
40,16786920.0,2018-05-27 20:38:18.290567.area
40,16824000.0,2018-05-27 20:38:20.201892.area
40,16465290.0,2018-05-27 20:38:21.791249.area
40,16334010.0,2018-05-27 20:38:23.081770.area
40,16632915.0,2018-05-27 20:38:25.037044.area
40,16526640.0,2018-05-27 20:38:26.305193.area
40,17016015.0,2018-05-27 20:38:27.994738.area
40,17101680.0,2018-05-27 20:38:29.746764.area
40,16437405.0,2018-05-27 20:38:31.579792.area
40,16496820.0,2018-05-27 20:38:32.904800.area
40,17461230.0,2018-05-27 20:38:34.756660.area
40,16530075.0,2018-05-27 20:38:36.636006.area
40,15920460.0,2018-05-27 20:38:37.729558.area
40,17392905.0,2018-05-27 20:38:39.894995.area
40,16444230.0,2018-05-27 20:38:41.347199.area
40,16078785.0,2018-05-27 20:38:42.606966.area
40,16077720.0,2018-05-27 20:38:43.855179.area
40,17159760.0,2018-05-27 20:38:45.584076.area
40,16601340.0,2018-05-27 20:38:47.116221.area
40,15989640.0,2018-05-27 20:38:48.518246.area
40,16214355.0,2018-05-27 20:38:50.155175.area
40,16852440.0,2018-05-27 20:38:51.702480.area
40,16350150.0,2018-05-27 20:38:53.092975.area
40,16250580.0,2018-05-27 20:38:54.268654.area
40,16228230.0,2018-05-27 20:38:55.503162.area
40,16872300.0,2018-05-27 20:38:57.553850.area
40,16918455.0,2018-05-27 20:38:59.371794.area
40,16522665.0,2018-05-27 20:39:00.787846.area
40,16860720.0,2018-05-27 20:39:02.443893.area
40,16589835.0,2018-05-27 20:39:04.908489.area
40,16548825.0,2018-05-27 20:39:06.697250.area
40,16368525.0,2018-05-27 20:39:08.191986.area
40,17066910.0,2018-05-27 20:39:10.625374.area
40,16242585.0,2018-05-27 20:39:11.957773.area
40,17430015.0,2018-05-27 20:39:13.779397.area
40,16071915.0,2018-05-27 20:39:14.909103.area
40,17339910.0,2018-05-27 20:39:17.136081.area
40,16757175.0,2018-05-27 20:39:19.469858.area
40,16436940.0,2018-05-27 20:39:20.761173.area
40,16725195.0,2018-05-27 20:39:22.160846.area
40,16480020.0,2018-05-27 20:39:23.653745.area
40,16809300.0,2018-05-27 20:39:26.409978.area
40,16795620.0,2018-05-27 20:39:28.075548.area
40,17131185.0,2018-05-27 20:39:29.903167.area
40,16699320.0,2018-05-27 20:39:32.037131.area
40,16027035.0,2018-05-27 20:39:33.352925.area
40,16459065.0,2018-05-27 20:39:34.874761.area
40,16624305.0,2018-05-27 20:39:36.402138.area
40,16159770.0,2018-05-27 20:39:37.563711.area
40,16038270.0,2018-05-27 20:39:38.866245.area
40,16460925.0,2018-05-27 20:39:40.103995.area
40,17117355.0,2018-05-27 20:39:41.735734.area
40,16876995.0,2018-05-27 20:39:43.339890.area
40,16440330.0,2018-05-27 20:39:44.785250.area
40,16741845.0,2018-05-27 20:39:46.301416.area
40,16572450.0,2018-05-27 20:39:47.846767.area
40,16491270.0,2018-05-27 20:39:49.541987.area
40,16748940.0,2018-05-27 20:39:51.030727.area
40,16997610.0,2018-05-27 20:39:53.146976.area
40,16725405.0,2018-05-27 20:39:54.703342.area
40,16047795.0,2018-05-27 20:39:55.887702.area
40,16749825.0,2018-05-27 20:39:57.463703.area
40,16858155.0,2018-05-27 20:39:59.362221.area
40,16662795.0,2018-05-27 20:40:00.974116.area
40,16425810.0,2018-05-27 20:40:02.373390.area
40,17231835.0,2018-05-27 20:40:04.109615.area
40,16613820.0,2018-05-27 20:40:05.540894.area
40,16735770.0,2018-05-27 20:40:07.123154.area
40,16789890.0,2018-05-27 20:40:08.831140.area
40,16617090.0,2018-05-27 20:40:10.311803.area
40,16581645.0,2018-05-27 20:40:12.241691.area
40,16393365.0,2018-05-27 20:40:13.606576.area
40,15742425.0,2018-05-27 20:40:14.647676.area
40,16708020.0,2018-05-27 20:40:16.036118.area
40,16291050.0,2018-05-27 20:40:17.323420.area
40,16947135.0,2018-05-27 20:40:19.273342.area
40,16622790.0,2018-05-27 20:40:20.821172.area
40,16818270.0,2018-05-27 20:40:23.104324.area
40,16482885.0,2018-05-27 20:40:24.667269.area
40,16442565.0,2018-05-27 20:40:25.964852.area
40,16793145.0,2018-05-27 20:40:28.220558.area
40,17004450.0,2018-05-27 20:40:29.819164.area
40,16834500.0,2018-05-27 20:40:31.468737.area
40,16730145.0,2018-05-27 20:40:32.904108.area
40,16901340.0,2018-05-27 20:40:34.634024.area
40,16922580.0,2018-05-27 20:40:36.347062.area
40,16769925.0,2018-05-27 20:40:38.647348.area
40,16716885.0,2018-05-27 20:40:40.243309.area
40,16913640.0,2018-05-27 20:40:43.758378.area
40,16497375.0,2018-05-27 20:40:45.326344.area
40,16336890.0,2018-05-27 20:40:46.583164.area
40,16348365.0,2018-05-27 20:40:48.298539.area
40,16639785.0,2018-05-27 20:40:49.756397.area
40,16170330.0,2018-05-27 20:40:51.075605.area
40,16158540.0,2018-05-27 20:40:52.581528.area
40,16447545.0,2018-05-27 20:40:53.926525.area
40,16968570.0,2018-05-27 20:40:55.851792.area
40,16428330.0,2018-05-27 20:40:57.131502.area
40,16764975.0,2018-05-27 20:40:58.813794.area
40,16454805.0,2018-05-27 20:41:00.201661.area
40,16783080.0,2018-05-27 20:41:01.807200.area
40,15841425.0,2018-05-27 20:41:02.926238.area
40,16414875.0,2018-05-27 20:41:04.190597.area
40,17088480.0,2018-05-27 20:41:06.104158.area
40,17273265.0,2018-05-27 20:41:07.972098.area
40,16319265.0,2018-05-27 20:41:09.162946.area
40,16157745.0,2018-05-27 20:41:10.533236.area
40,17008905.0,2018-05-27 20:41:12.432053.area
40,16210170.0,2018-05-27 20:41:13.679857.area
40,16461630.0,2018-05-27 20:41:14.956133.area
40,16804185.0,2018-05-27 20:41:16.690941.area
40,16844970.0,2018-05-27 20:41:18.359308.area
40,16638975.0,2018-05-27 20:41:19.784371.area
40,16754340.0,2018-05-27 20:41:21.440402.area
40,16492560.0,2018-05-27 20:41:22.742894.area
40,16669470.0,2018-05-27 20:41:24.237391.area
40,16707960.0,2018-05-27 20:41:26.146031.area
40,16850850.0,2018-05-27 20:41:27.777808.area
40,16637880.0,2018-05-27 20:41:29.210565.area
40,16617825.0,2018-05-27 20:41:30.588725.area
40,17376180.0,2018-05-27 20:41:33.517744.area
40,16487325.0,2018-05-27 20:41:34.964751.area
40,17506860.0,2018-05-27 20:41:36.774842.area
40,16830315.0,2018-05-27 20:41:38.063451.area
40,16592145.0,2018-05-27 20:41:39.552254.area
40,16641405.0,2018-05-27 20:41:40.823322.area
40,16801980.0,2018-05-27 20:41:43.082640.area
40,16165470.0,2018-05-27 20:41:44.183563.area
40,16495215.0,2018-05-27 20:41:45.954865.area
40,16396965.0,2018-05-27 20:41:47.645207.area
40,16472010.0,2018-05-27 20:41:49.081457.area
40,16313175.0,2018-05-27 20:41:50.262231.area
40,17114895.0,2018-05-27 20:41:52.150030.area
40,16183425.0,2018-05-27 20:41:53.458177.area
40,17103675.0,2018-05-27 20:41:55.416906.area
40,17610885.0,2018-05-27 20:41:57.750668.area
40,16132830.0,2018-05-27 20:41:59.059227.area
40,16390395.0,2018-05-27 20:42:00.269949.area
40,16918350.0,2018-05-27 20:42:02.048753.area
40,17123580.0,2018-05-27 20:42:03.844932.area
40,16707225.0,2018-05-27 20:42:05.934795.area
40,16412010.0,2018-05-27 20:42:07.262945.area
40,16634190.0,2018-05-27 20:42:09.056481.area
40,17370510.0,2018-05-27 20:42:11.973527.area
40,16586145.0,2018-05-27 20:42:13.430829.area
40,16354620.0,2018-05-27 20:42:14.843471.area
40,16066260.0,2018-05-27 20:42:16.132567.area
40,16861875.0,2018-05-27 20:42:17.998654.area
40,17089635.0,2018-05-27 20:42:19.803293.area
40,16488915.0,2018-05-27 20:42:21.285333.area
40,16787055.0,2018-05-27 20:42:23.148643.area
40,16854120.0,2018-05-27 20:42:25.445159.area
40,16698945.0,2018-05-27 20:42:27.345550.area
40,16670115.0,2018-05-27 20:42:28.819641.area
40,16742340.0,2018-05-27 20:42:30.233950.area
40,17020650.0,2018-05-27 20:42:31.958181.area
40,16547790.0,2018-05-27 20:42:33.562175.area
40,17103810.0,2018-05-27 20:42:35.362760.area
40,16006185.0,2018-05-27 20:42:36.549167.area
40,16068150.0,2018-05-27 20:42:37.840985.area
40,16058055.0,2018-05-27 20:42:38.989160.area
40,16690035.0,2018-05-27 20:42:40.622192.area
40,16807425.0,2018-05-27 20:42:42.974267.area
40,16378785.0,2018-05-27 20:42:44.613025.area
40,17043345.0,2018-05-27 20:42:46.851840.area
40,17103705.0,2018-05-27 20:42:48.646279.area
40,16800570.0,2018-05-27 20:42:50.402067.area
40,16302345.0,2018-05-27 20:42:51.807287.area
40,16951110.0,2018-05-27 20:42:53.967810.area
40,16602345.0,2018-05-27 20:42:55.767236.area
40,16933440.0,2018-05-27 20:42:57.439587.area
40,17196615.0,2018-05-27 20:42:59.679294.area
40,16396965.0,2018-05-27 20:43:02.107399.area
40,16541295.0,2018-05-27 20:43:03.836484.area
40,16994790.0,2018-05-27 20:43:05.553410.area
40,17211300.0,2018-05-27 20:43:07.494824.area
40,16943025.0,2018-05-27 20:43:09.112474.area
40,16581975.0,2018-05-27 20:43:10.642706.area
40,17018490.0,2018-05-27 20:43:12.556507.area
40,16628460.0,2018-05-27 20:43:13.969783.area
40,16864575.0,2018-05-27 20:43:15.754510.area
40,16251285.0,2018-05-27 20:43:17.082017.area
40,16922025.0,2018-05-27 20:43:18.890562.area
40,16473855.0,2018-05-27 20:43:20.525492.area
40,16514190.0,2018-05-27 20:43:22.041358.area
40,17151210.0,2018-05-27 20:43:23.585681.area
40,16871130.0,2018-05-27 20:43:25.164368.area
40,16114875.0,2018-05-27 20:43:26.988068.area
40,15977910.0,2018-05-27 20:43:28.044295.area
40,17738010.0,2018-05-27 20:43:30.116566.area
40,16137000.0,2018-05-27 20:43:31.570558.area
40,16315245.0,2018-05-27 20:43:32.795042.area
40,16817220.0,2018-05-27 20:43:34.119061.area
40,16839300.0,2018-05-27 20:43:35.747791.area
40,16350165.0,2018-05-27 20:43:36.937618.area
40,16698360.0,2018-05-27 20:43:38.772302.area
40,16684170.0,2018-05-27 20:43:40.231766.area
40,16672995.0,2018-05-27 20:43:41.610014.area
40,16420260.0,2018-05-27 20:43:43.490622.area
40,16801710.0,2018-05-27 20:43:45.016629.area
40,16776420.0,2018-05-27 20:43:46.866243.area
40,16770675.0,2018-05-27 20:43:48.369392.area
40,17217840.0,2018-05-27 20:43:50.281616.area
40,16946925.0,2018-05-27 20:43:51.684259.area
40,16478445.0,2018-05-27 20:43:53.090964.area
40,17140770.0,2018-05-27 20:43:54.872773.area
40,16495485.0,2018-05-27 20:43:56.417969.area
40,16386435.0,2018-05-27 20:43:57.753794.area
40,16638060.0,2018-05-27 20:43:59.417762.area
40,16968285.0,2018-05-27 20:44:01.576098.area
40,16294260.0,2018-05-27 20:44:03.038774.area
40,16635435.0,2018-05-27 20:44:04.366556.area
40,16819200.0,2018-05-27 20:44:06.632815.area
40,16528995.0,2018-05-27 20:44:08.326980.area
40,16249230.0,2018-05-27 20:44:09.632508.area
40,16286970.0,2018-05-27 20:44:10.824085.area
40,17124255.0,2018-05-27 20:44:12.572898.area
40,16238595.0,2018-05-27 20:44:13.790831.area
40,16612125.0,2018-05-27 20:44:15.461158.area
40,16711350.0,2018-05-27 20:44:16.953071.area
40,16568715.0,2018-05-27 20:44:18.357670.area
40,16465020.0,2018-05-27 20:44:19.865956.area
40,16642275.0,2018-05-27 20:44:21.345787.area
40,16558590.0,2018-05-27 20:44:23.025924.area
40,17012820.0,2018-05-27 20:44:24.983973.area
40,16211985.0,2018-05-27 20:44:26.312621.area
40,16689645.0,2018-05-27 20:44:27.810376.area
40,16625340.0,2018-05-27 20:44:29.493227.area
40,16868235.0,2018-05-27 20:44:31.107815.area
40,16726695.0,2018-05-27 20:44:32.612968.area
40,16790700.0,2018-05-27 20:44:34.572443.area
40,16775655.0,2018-05-27 20:44:36.099283.area
40,16520445.0,2018-05-27 20:44:38.068674.area
40,16146630.0,2018-05-27 20:44:39.246439.area
40,16171260.0,2018-05-27 20:44:40.483557.area
40,16588680.0,2018-05-27 20:44:41.930997.area
40,16556295.0,2018-05-27 20:44:43.308437.area
40,16672620.0,2018-05-27 20:44:44.613746.area
40,16893360.0,2018-05-27 20:44:46.369885.area
40,16719405.0,2018-05-27 20:44:48.366636.area
40,16363260.0,2018-05-27 20:44:50.040934.area
40,16654230.0,2018-05-27 20:44:51.757228.area
40,17267505.0,2018-05-27 20:44:53.874322.area
40,16787865.0,2018-05-27 20:44:55.735862.area
40,16357920.0,2018-05-27 20:44:58.048606.area
40,16694070.0,2018-05-27 20:44:59.572599.area
40,17462220.0,2018-05-27 20:45:02.140628.area
40,16282545.0,2018-05-27 20:45:03.587790.area
40,17039790.0,2018-05-27 20:45:05.797820.area
40,16989060.0,2018-05-27 20:45:07.866675.area
40,17581605.0,2018-05-27 20:45:10.644479.area
40,16413300.0,2018-05-27 20:45:11.928899.area
40,16245270.0,2018-05-27 20:45:13.187107.area
40,16808895.0,2018-05-27 20:45:14.808195.area
40,16751715.0,2018-05-27 20:45:16.581172.area
40,16958595.0,2018-05-27 20:45:18.444628.area
40,17081010.0,2018-05-27 20:45:20.077971.area
40,16202595.0,2018-05-27 20:45:21.339113.area
40,16368975.0,2018-05-27 20:45:22.926021.area
40,16740930.0,2018-05-27 20:45:24.589860.area
40,16969005.0,2018-05-27 20:45:26.339887.area
40,16478025.0,2018-05-27 20:45:27.764400.area
40,16051080.0,2018-05-27 20:45:28.895445.area
40,16851975.0,2018-05-27 20:45:30.581279.area
40,16591215.0,2018-05-27 20:45:32.197412.area
40,16639110.0,2018-05-27 20:45:33.658332.area
40,16030110.0,2018-05-27 20:45:35.138158.area
40,16938450.0,2018-05-27 20:45:36.725682.area
40,16704045.0,2018-05-27 20:45:38.406424.area
40,16714725.0,2018-05-27 20:45:40.160701.area
40,16664160.0,2018-05-27 20:45:41.627519.area
40,16546620.0,2018-05-27 20:45:42.883909.area
40,16667655.0,2018-05-27 20:45:44.317356.area
40,17229780.0,2018-05-27 20:45:46.258178.area
40,17202120.0,2018-05-27 20:45:48.659792.area
40,16207140.0,2018-05-27 20:45:49.831760.area
40,16593495.0,2018-05-27 20:45:51.562652.area
40,16899720.0,2018-05-27 20:45:53.215377.area
40,16824510.0,2018-05-27 20:45:54.908502.area
40,16928085.0,2018-05-27 20:45:56.955722.area
40,17168430.0,2018-05-27 20:45:58.600318.area
40,16480305.0,2018-05-27 20:46:00.015110.area
40,16743015.0,2018-05-27 20:46:01.826652.area
40,16796490.0,2018-05-27 20:46:03.673694.area
40,17038260.0,2018-05-27 20:46:05.723535.area
40,17130510.0,2018-05-27 20:46:07.974689.area
40,16218330.0,2018-05-27 20:46:09.413883.area
40,16558455.0,2018-05-27 20:46:11.233388.area
40,16185750.0,2018-05-27 20:46:12.557864.area
40,16354050.0,2018-05-27 20:46:14.093606.area
40,16612650.0,2018-05-27 20:46:15.599462.area
40,16510680.0,2018-05-27 20:46:16.892102.area
40,16600725.0,2018-05-27 20:46:18.582610.area
40,16821165.0,2018-05-27 20:46:20.188527.area
40,16868985.0,2018-05-27 20:46:22.213207.area
40,16460910.0,2018-05-27 20:46:23.642927.area
40,16459110.0,2018-05-27 20:46:25.641047.area
40,16762545.0,2018-05-27 20:46:27.051817.area
40,16116375.0,2018-05-27 20:46:29.409898.area
40,16807920.0,2018-05-27 20:46:32.585365.area
40,16899555.0,2018-05-27 20:46:34.340275.area
40,16826010.0,2018-05-27 20:46:36.204431.area
40,17127165.0,2018-05-27 20:46:38.495676.area
40,16595985.0,2018-05-27 20:46:40.050788.area
40,16367070.0,2018-05-27 20:46:41.890575.area
40,16748835.0,2018-05-27 20:46:43.513977.area
40,17388885.0,2018-05-27 20:46:45.941346.area
40,16444740.0,2018-05-27 20:46:47.372525.area
40,17098965.0,2018-05-27 20:46:49.192278.area
40,16348785.0,2018-05-27 20:46:50.556196.area
40,16668885.0,2018-05-27 20:46:52.472441.area
40,16743480.0,2018-05-27 20:46:53.968539.area
40,16617360.0,2018-05-27 20:46:55.530871.area
40,17076240.0,2018-05-27 20:46:57.339676.area
40,16796190.0,2018-05-27 20:46:58.827499.area
40,16588395.0,2018-05-27 20:47:00.483357.area
40,16302105.0,2018-05-27 20:47:02.243043.area
40,16802430.0,2018-05-27 20:47:03.759986.area
40,16715610.0,2018-05-27 20:47:05.532283.area
40,16451985.0,2018-05-27 20:47:06.994406.area
40,16703385.0,2018-05-27 20:47:08.790333.area
40,16604955.0,2018-05-27 20:47:10.214130.area
40,16501185.0,2018-05-27 20:47:11.619363.area
40,17148345.0,2018-05-27 20:47:13.586102.area
40,17243355.0,2018-05-27 20:47:15.491150.area
40,16762605.0,2018-05-27 20:47:17.129321.area
40,15841410.0,2018-05-27 20:47:18.201601.area
40,16532550.0,2018-05-27 20:47:19.738983.area
40,16632285.0,2018-05-27 20:47:21.259884.area
40,16401645.0,2018-05-27 20:47:22.815268.area
40,16815570.0,2018-05-27 20:47:24.303566.area
40,16466940.0,2018-05-27 20:47:25.763633.area
40,17058465.0,2018-05-27 20:47:27.888466.area
40,16824930.0,2018-05-27 20:47:30.219564.area
40,16639320.0,2018-05-27 20:47:31.720646.area
40,16218390.0,2018-05-27 20:47:33.121098.area
40,16782330.0,2018-05-27 20:47:34.623965.area
40,16606605.0,2018-05-27 20:47:35.951713.area
40,16035990.0,2018-05-27 20:47:37.026953.area
40,17259225.0,2018-05-27 20:47:38.839266.area
40,16567470.0,2018-05-27 20:47:40.461877.area
40,16715415.0,2018-05-27 20:47:43.028013.area
40,17178135.0,2018-05-27 20:47:44.573762.area
40,17005395.0,2018-05-27 20:47:46.744363.area
40,16927875.0,2018-05-27 20:47:48.447853.area
40,16141785.0,2018-05-27 20:47:49.758943.area
40,16534995.0,2018-05-27 20:47:51.451142.area
40,16396035.0,2018-05-27 20:47:53.082379.area
40,16565310.0,2018-05-27 20:47:54.700298.area
40,16080375.0,2018-05-27 20:47:55.770048.area
40,16474665.0,2018-05-27 20:47:57.190501.area
40,16425705.0,2018-05-27 20:47:58.581001.area
40,16612785.0,2018-05-27 20:48:00.055301.area
40,16425090.0,2018-05-27 20:48:01.771771.area
40,16615320.0,2018-05-27 20:48:03.489665.area
40,16703415.0,2018-05-27 20:48:05.015915.area
40,16527345.0,2018-05-27 20:48:06.609561.area
40,16407390.0,2018-05-27 20:48:08.001770.area
40,16778235.0,2018-05-27 20:48:09.581000.area
40,16705065.0,2018-05-27 20:48:11.221412.area
40,16420005.0,2018-05-27 20:48:12.982776.area
40,17290395.0,2018-05-27 20:48:14.967193.area
40,16204545.0,2018-05-27 20:48:16.236564.area
40,16528980.0,2018-05-27 20:48:17.597693.area
40,15951015.0,2018-05-27 20:48:18.866629.area
40,16687230.0,2018-05-27 20:48:20.312526.area
40,16417860.0,2018-05-27 20:48:21.893635.area
40,16699515.0,2018-05-27 20:48:23.864785.area
40,16326420.0,2018-05-27 20:48:25.246242.area
40,16640145.0,2018-05-27 20:48:26.881266.area
40,16629705.0,2018-05-27 20:48:28.190064.area
40,16817250.0,2018-05-27 20:48:29.869777.area
40,16046625.0,2018-05-27 20:48:31.454247.area
40,16148640.0,2018-05-27 20:48:32.636573.area
40,15934680.0,2018-05-27 20:48:33.819280.area
40,16967325.0,2018-05-27 20:48:37.013739.area
40,16406040.0,2018-05-27 20:48:38.339685.area
40,16531440.0,2018-05-27 20:48:39.915772.area
40,16525980.0,2018-05-27 20:48:42.017503.area
40,16177080.0,2018-05-27 20:48:43.246053.area
40,16871355.0,2018-05-27 20:48:44.862181.area
40,16434705.0,2018-05-27 20:48:46.575710.area
40,16256250.0,2018-05-27 20:48:47.847808.area
40,16559175.0,2018-05-27 20:48:49.569221.area
40,16709100.0,2018-05-27 20:48:51.200075.area
40,17122965.0,2018-05-27 20:48:52.966352.area
40,16461360.0,2018-05-27 20:48:54.185048.area
40,16876140.0,2018-05-27 20:48:55.873015.area
40,16537665.0,2018-05-27 20:48:57.477198.area
40,16406295.0,2018-05-27 20:48:58.842964.area
40,17469630.0,2018-05-27 20:49:01.028393.area
40,16810395.0,2018-05-27 20:49:02.546819.area
40,16447830.0,2018-05-27 20:49:04.072197.area
40,16316910.0,2018-05-27 20:49:05.181465.area
40,16377840.0,2018-05-27 20:49:06.801278.area
40,16926135.0,2018-05-27 20:49:08.361534.area
40,16503540.0,2018-05-27 20:49:09.782485.area
40,17089935.0,2018-05-27 20:49:11.647708.area
40,16345935.0,2018-05-27 20:49:13.090734.area
40,16939020.0,2018-05-27 20:49:15.037172.area
40,16512120.0,2018-05-27 20:49:16.573858.area
40,17088750.0,2018-05-27 20:49:18.403054.area
40,16637340.0,2018-05-27 20:49:20.494443.area
40,16003590.0,2018-05-27 20:49:22.256822.area
40,16861755.0,2018-05-27 20:49:24.145324.area
40,16908975.0,2018-05-27 20:49:27.088078.area
40,17172195.0,2018-05-27 20:49:29.111415.area
40,16785600.0,2018-05-27 20:49:30.938019.area
40,17259255.0,2018-05-27 20:49:33.173667.area
40,16600875.0,2018-05-27 20:49:34.732371.area
40,16564350.0,2018-05-27 20:49:37.064165.area
40,16206630.0,2018-05-27 20:49:38.634338.area
40,17019210.0,2018-05-27 20:49:40.348896.area
40,16772010.0,2018-05-27 20:49:42.095816.area
40,16566315.0,2018-05-27 20:49:43.993074.area
40,17175735.0,2018-05-27 20:49:45.836690.area
40,16432725.0,2018-05-27 20:49:47.133127.area
40,16636335.0,2018-05-27 20:49:48.677757.area
40,16609410.0,2018-05-27 20:49:50.349472.area
40,16939800.0,2018-05-27 20:49:52.033562.area
40,16299150.0,2018-05-27 20:49:53.323406.area
40,16364850.0,2018-05-27 20:49:54.647260.area
40,16388865.0,2018-05-27 20:49:56.310479.area
40,16100820.0,2018-05-27 20:49:57.672538.area
40,16365705.0,2018-05-27 20:49:59.037084.area
40,16865220.0,2018-05-27 20:50:00.905006.area
40,16309335.0,2018-05-27 20:50:02.184168.area
40,16318695.0,2018-05-27 20:50:03.492805.area
40,16706580.0,2018-05-27 20:50:05.262982.area
40,16392360.0,2018-05-27 20:50:06.497211.area
40,16343580.0,2018-05-27 20:50:08.025137.area
40,16726200.0,2018-05-27 20:50:09.836707.area
40,16376655.0,2018-05-27 20:50:11.459150.area
40,16516005.0,2018-05-27 20:50:13.341379.area
40,16328670.0,2018-05-27 20:50:14.533576.area
40,16485360.0,2018-05-27 20:50:15.880945.area
40,16231095.0,2018-05-27 20:50:17.138779.area
40,17853300.0,2018-05-27 20:50:19.823992.area
40,16710510.0,2018-05-27 20:50:22.009543.area
40,17531895.0,2018-05-27 20:50:24.389130.area
40,17121555.0,2018-05-27 20:50:26.685562.area
40,16495875.0,2018-05-27 20:50:28.103190.area
40,16803810.0,2018-05-27 20:50:29.789060.area
40,17064540.0,2018-05-27 20:50:32.506369.area
40,16821030.0,2018-05-27 20:50:34.607687.area
40,16631790.0,2018-05-27 20:50:36.040318.area
40,16501830.0,2018-05-27 20:50:37.550958.area
40,16295385.0,2018-05-27 20:50:38.785472.area
40,17396085.0,2018-05-27 20:50:40.770708.area
40,16563570.0,2018-05-27 20:50:42.172584.area
40,16379670.0,2018-05-27 20:50:43.792112.area
40,16511850.0,2018-05-27 20:50:45.263324.area
40,16699035.0,2018-05-27 20:50:46.935807.area
40,16415730.0,2018-05-27 20:50:48.479649.area
40,16931655.0,2018-05-27 20:50:50.283799.area
40,16722270.0,2018-05-27 20:50:51.968064.area
40,16754940.0,2018-05-27 20:50:53.795151.area
40,16484310.0,2018-05-27 20:50:55.136911.area
40,17318325.0,2018-05-27 20:50:57.347533.area
40,16942560.0,2018-05-27 20:50:59.057098.area
40,17465325.0,2018-05-27 20:51:01.888286.area
40,16447650.0,2018-05-27 20:51:03.163100.area
40,16150830.0,2018-05-27 20:51:04.347693.area
40,16555335.0,2018-05-27 20:51:06.023185.area
40,17081430.0,2018-05-27 20:51:07.786117.area
40,17005785.0,2018-05-27 20:51:09.553066.area
40,16208370.0,2018-05-27 20:51:10.913488.area
40,16434870.0,2018-05-27 20:51:12.175883.area
40,17582325.0,2018-05-27 20:51:14.419918.area
40,16385520.0,2018-05-27 20:51:16.417334.area
40,16115445.0,2018-05-27 20:51:17.855660.area
40,16685205.0,2018-05-27 20:51:19.965130.area
40,16081200.0,2018-05-27 20:51:21.260222.area
40,16692915.0,2018-05-27 20:51:22.733910.area
40,16758360.0,2018-05-27 20:51:25.689533.area
40,16256880.0,2018-05-27 20:51:26.908519.area
40,16656225.0,2018-05-27 20:51:28.768771.area
40,16233735.0,2018-05-27 20:51:30.088725.area
40,17257215.0,2018-05-27 20:51:32.772727.area
40,16593165.0,2018-05-27 20:51:34.058446.area
40,16595475.0,2018-05-27 20:51:35.707514.area
40,16318830.0,2018-05-27 20:51:37.729410.area
40,15743235.0,2018-05-27 20:51:38.773416.area
40,16666365.0,2018-05-27 20:51:40.448363.area
40,16870590.0,2018-05-27 20:51:42.158801.area
40,16646865.0,2018-05-27 20:51:43.783122.area
40,16642740.0,2018-05-27 20:51:45.322222.area
40,16870575.0,2018-05-27 20:51:47.166138.area
40,16615530.0,2018-05-27 20:51:48.864754.area
40,16494105.0,2018-05-27 20:51:50.444958.area
40,16857480.0,2018-05-27 20:51:52.325410.area
40,17240250.0,2018-05-27 20:51:54.511876.area
40,16415625.0,2018-05-27 20:51:56.012471.area
40,16852560.0,2018-05-27 20:51:58.283865.area
40,16437150.0,2018-05-27 20:51:59.720334.area
40,16681830.0,2018-05-27 20:52:01.497362.area
40,16970070.0,2018-05-27 20:52:03.231913.area
40,16744770.0,2018-05-27 20:52:05.358412.area
40,16463055.0,2018-05-27 20:52:06.757564.area
40,16862130.0,2018-05-27 20:52:08.282448.area
40,16652880.0,2018-05-27 20:52:09.817042.area
40,17057715.0,2018-05-27 20:52:11.813438.area
40,16168740.0,2018-05-27 20:52:13.236478.area
40,16616910.0,2018-05-27 20:52:14.786175.area
40,16283790.0,2018-05-27 20:52:16.238186.area
40,16925745.0,2018-05-27 20:52:18.022253.area
40,16278600.0,2018-05-27 20:52:19.455299.area
40,16168020.0,2018-05-27 20:52:20.883542.area
40,16558185.0,2018-05-27 20:52:22.954238.area
40,16480785.0,2018-05-27 20:52:24.259252.area
40,18187035.0,2018-05-27 20:52:27.632984.area
40,16626360.0,2018-05-27 20:52:29.148701.area
40,16505220.0,2018-05-27 20:52:31.283740.area
40,17341875.0,2018-05-27 20:52:33.518932.area
40,16388445.0,2018-05-27 20:52:34.973865.area
40,17576445.0,2018-05-27 20:52:37.274574.area
40,16529340.0,2018-05-27 20:52:38.816957.area
40,16731480.0,2018-05-27 20:52:40.384434.area
40,16777110.0,2018-05-27 20:52:41.877182.area
40,16907745.0,2018-05-27 20:52:43.469256.area
40,16583955.0,2018-05-27 20:52:44.932154.area
40,16507575.0,2018-05-27 20:52:47.071104.area
40,16581360.0,2018-05-27 20:52:48.477115.area
40,16530810.0,2018-05-27 20:52:51.336882.area
40,16695540.0,2018-05-27 20:52:53.156581.area
40,16839030.0,2018-05-27 20:52:55.061411.area
40,16596345.0,2018-05-27 20:52:56.441122.area
40,16676235.0,2018-05-27 20:52:58.501822.area
40,16312890.0,2018-05-27 20:52:59.802949.area
40,16360785.0,2018-05-27 20:53:01.194586.area
40,16700760.0,2018-05-27 20:53:02.962413.area
40,16568580.0,2018-05-27 20:53:04.625442.area
40,16500390.0,2018-05-27 20:53:06.111496.area
40,16114815.0,2018-05-27 20:53:07.439584.area
40,16894440.0,2018-05-27 20:53:09.701667.area
40,16212960.0,2018-05-27 20:53:10.998985.area
40,17520945.0,2018-05-27 20:53:13.306793.area
40,16901505.0,2018-05-27 20:53:15.265094.area
40,17806485.0,2018-05-27 20:53:18.822767.area
40,16443540.0,2018-05-27 20:53:20.580740.area
40,16646535.0,2018-05-27 20:53:22.247923.area
40,16588305.0,2018-05-27 20:53:23.646386.area
40,16987035.0,2018-05-27 20:53:25.616767.area
40,16942530.0,2018-05-27 20:53:27.600054.area
40,16921545.0,2018-05-27 20:53:29.970007.area
40,16202430.0,2018-05-27 20:53:31.825531.area
40,16108095.0,2018-05-27 20:53:33.302249.area
40,16448610.0,2018-05-27 20:53:34.525947.area
40,16967025.0,2018-05-27 20:53:36.236371.area
40,17814030.0,2018-05-27 20:53:38.692257.area
40,16747380.0,2018-05-27 20:53:40.090853.area
40,16829205.0,2018-05-27 20:53:42.465185.area
40,16581285.0,2018-05-27 20:53:43.988152.area
40,16959495.0,2018-05-27 20:53:46.005836.area
40,16784835.0,2018-05-27 20:53:47.681064.area
40,17310975.0,2018-05-27 20:53:49.419661.area
40,16514520.0,2018-05-27 20:53:50.867965.area
40,16669110.0,2018-05-27 20:53:52.447500.area
40,15936360.0,2018-05-27 20:53:53.617866.area
40,16146630.0,2018-05-27 20:53:55.050072.area
40,16281450.0,2018-05-27 20:53:56.492174.area
40,16289430.0,2018-05-27 20:53:57.823227.area
40,16709280.0,2018-05-27 20:53:59.462151.area
40,16217835.0,2018-05-27 20:54:00.815648.area
40,16842690.0,2018-05-27 20:54:02.403383.area
40,17260200.0,2018-05-27 20:54:04.708474.area
40,16474890.0,2018-05-27 20:54:06.226129.area
40,16080690.0,2018-05-27 20:54:07.687638.area
40,16847505.0,2018-05-27 20:54:10.041788.area
40,16976625.0,2018-05-27 20:54:11.693359.area
40,16497150.0,2018-05-27 20:54:13.171263.area
40,16303665.0,2018-05-27 20:54:14.876525.area
40,16623420.0,2018-05-27 20:54:16.401446.area
40,17050425.0,2018-05-27 20:54:18.224800.area
40,16862355.0,2018-05-27 20:54:20.068569.area
40,16728735.0,2018-05-27 20:54:21.890964.area
40,16515795.0,2018-05-27 20:54:23.385124.area
40,16162395.0,2018-05-27 20:54:24.911379.area
40,16471425.0,2018-05-27 20:54:26.365621.area
40,17096520.0,2018-05-27 20:54:28.054868.area
40,16285455.0,2018-05-27 20:54:29.410244.area
40,16237650.0,2018-05-27 20:54:30.627183.area
40,16554375.0,2018-05-27 20:54:32.284145.area
40,16325145.0,2018-05-27 20:54:33.917743.area
40,16481940.0,2018-05-27 20:54:35.175902.area
40,16693605.0,2018-05-27 20:54:36.940892.area
40,16219665.0,2018-05-27 20:54:38.235982.area
40,16252170.0,2018-05-27 20:54:39.626469.area
40,16499685.0,2018-05-27 20:54:41.021491.area
40,17010570.0,2018-05-27 20:54:42.784191.area
40,17152365.0,2018-05-27 20:54:45.096498.area
40,16611210.0,2018-05-27 20:54:46.655736.area
40,16901505.0,2018-05-27 20:54:48.874045.area
40,17287770.0,2018-05-27 20:54:51.944501.area
40,16719570.0,2018-05-27 20:54:53.521920.area
40,16390215.0,2018-05-27 20:54:55.088629.area
40,16672575.0,2018-05-27 20:54:56.509974.area
40,16886115.0,2018-05-27 20:54:58.229200.area
40,16295415.0,2018-05-27 20:54:59.770626.area
40,16958505.0,2018-05-27 20:55:01.437266.area
40,16535295.0,2018-05-27 20:55:03.093118.area
40,16843770.0,2018-05-27 20:55:04.922809.area
40,17199285.0,2018-05-27 20:55:07.229421.area
40,16782015.0,2018-05-27 20:55:09.413913.area
40,16327740.0,2018-05-27 20:55:11.002234.area
40,16004520.0,2018-05-27 20:55:12.214296.area
40,16632300.0,2018-05-27 20:55:13.726479.area
40,16062540.0,2018-05-27 20:55:14.838513.area
40,16766475.0,2018-05-27 20:55:16.356379.area
40,16522035.0,2018-05-27 20:55:18.222215.area
40,16817610.0,2018-05-27 20:55:20.058085.area
40,16514355.0,2018-05-27 20:55:21.812151.area
40,16946190.0,2018-05-27 20:55:23.548464.area
40,16823415.0,2018-05-27 20:55:25.358377.area
40,16841190.0,2018-05-27 20:55:27.013395.area
40,17100270.0,2018-05-27 20:55:29.521898.area
40,16774770.0,2018-05-27 20:55:31.159470.area
40,16986585.0,2018-05-27 20:55:32.922945.area
40,17213955.0,2018-05-27 20:55:34.886329.area
40,17133360.0,2018-05-27 20:55:36.933892.area
40,16705980.0,2018-05-27 20:55:39.107909.area
40,16482555.0,2018-05-27 20:55:40.733103.area
40,17017995.0,2018-05-27 20:55:42.941136.area
40,16310595.0,2018-05-27 20:55:44.362079.area
40,16840275.0,2018-05-27 20:55:47.922774.area
40,16690260.0,2018-05-27 20:55:49.477674.area
40,16339380.0,2018-05-27 20:55:50.763709.area
40,16397760.0,2018-05-27 20:55:52.480201.area
40,17569590.0,2018-05-27 20:55:54.565437.area
40,16616730.0,2018-05-27 20:55:56.933236.area
40,16932690.0,2018-05-27 20:55:58.867214.area
40,16822410.0,2018-05-27 20:56:00.533719.area
40,16579245.0,2018-05-27 20:56:02.159311.area
40,16776405.0,2018-05-27 20:56:04.465685.area
40,16507755.0,2018-05-27 20:56:05.962224.area
40,16026750.0,2018-05-27 20:56:07.863873.area
40,16384365.0,2018-05-27 20:56:09.231517.area
40,15975375.0,2018-05-27 20:56:10.241402.area
40,17320590.0,2018-05-27 20:56:12.321586.area
40,16825890.0,2018-05-27 20:56:14.186767.area
40,16954755.0,2018-05-27 20:56:16.093976.area
40,16222860.0,2018-05-27 20:56:17.454207.area
40,16440540.0,2018-05-27 20:56:18.852114.area
40,16359495.0,2018-05-27 20:56:20.617713.area
40,16146030.0,2018-05-27 20:56:22.757249.area
40,16836660.0,2018-05-27 20:56:24.464115.area
40,17055390.0,2018-05-27 20:56:26.789551.area
40,16436715.0,2018-05-27 20:56:28.137387.area
40,16583190.0,2018-05-27 20:56:30.498451.area
40,16381350.0,2018-05-27 20:56:32.011430.area
40,16097265.0,2018-05-27 20:56:33.122201.area
40,16236825.0,2018-05-27 20:56:34.343421.area
40,16538790.0,2018-05-27 20:56:36.068968.area
40,17107155.0,2018-05-27 20:56:38.322178.area
40,16305435.0,2018-05-27 20:56:40.091237.area
40,16249545.0,2018-05-27 20:56:41.324231.area
40,16778550.0,2018-05-27 20:56:43.232009.area
40,17019315.0,2018-05-27 20:56:44.934417.area
40,16592400.0,2018-05-27 20:56:46.666909.area
40,17008560.0,2018-05-27 20:56:48.333398.area
40,16436175.0,2018-05-27 20:56:49.843098.area
40,16666695.0,2018-05-27 20:56:51.901894.area
40,16514445.0,2018-05-27 20:56:54.052777.area
40,16430775.0,2018-05-27 20:56:55.660162.area
40,16807215.0,2018-05-27 20:56:57.643794.area
40,16646805.0,2018-05-27 20:57:00.617136.area
40,16487535.0,2018-05-27 20:57:02.089469.area
40,16759950.0,2018-05-27 20:57:04.030905.area
40,17062995.0,2018-05-27 20:57:05.715524.area
40,16154430.0,2018-05-27 20:57:07.102412.area
40,16981845.0,2018-05-27 20:57:08.853727.area
40,17108370.0,2018-05-27 20:57:10.744838.area
40,16511490.0,2018-05-27 20:57:12.309553.area
40,16762125.0,2018-05-27 20:57:14.742589.area
40,16516845.0,2018-05-27 20:57:16.157692.area
40,16203825.0,2018-05-27 20:57:17.349874.area
40,16331640.0,2018-05-27 20:57:18.613444.area
40,16271505.0,2018-05-27 20:57:19.973156.area
40,16879125.0,2018-05-27 20:57:22.072756.area
40,16055490.0,2018-05-27 20:57:23.468102.area
40,17032875.0,2018-05-27 20:57:25.680702.area
40,16385085.0,2018-05-27 20:57:27.383542.area
40,16306155.0,2018-05-27 20:57:28.853172.area
40,16614255.0,2018-05-27 20:57:30.293915.area
40,16481205.0,2018-05-27 20:57:31.632166.area
40,16100910.0,2018-05-27 20:57:32.818711.area
40,16451100.0,2018-05-27 20:57:34.175666.area
40,16826955.0,2018-05-27 20:57:36.355417.area
40,16302540.0,2018-05-27 20:57:37.828852.area
40,16370460.0,2018-05-27 20:57:39.286775.area
40,16560435.0,2018-05-27 20:57:40.562584.area
40,16368570.0,2018-05-27 20:57:42.305370.area
40,16674150.0,2018-05-27 20:57:43.911087.area
40,16271295.0,2018-05-27 20:57:45.899057.area
40,16455390.0,2018-05-27 20:57:47.409660.area
40,16172175.0,2018-05-27 20:57:48.586847.area
40,16292835.0,2018-05-27 20:57:49.862528.area
40,16107195.0,2018-05-27 20:57:51.268066.area
40,16706655.0,2018-05-27 20:57:52.880662.area
40,16796805.0,2018-05-27 20:57:54.391953.area
40,16916475.0,2018-05-27 20:57:55.876935.area
40,16470165.0,2018-05-27 20:57:57.251329.area
40,16860195.0,2018-05-27 20:57:58.896170.area
40,16551510.0,2018-05-27 20:57:59.920598.area
40,16449270.0,2018-05-27 20:58:01.181645.area
40,16384575.0,2018-05-27 20:58:02.350546.area
40,16390710.0,2018-05-27 20:58:03.715284.area
40,16855770.0,2018-05-27 20:58:06.163014.area
40,17689290.0,2018-05-27 20:58:08.373163.area
40,16070865.0,2018-05-27 20:58:09.700928.area
40,16241070.0,2018-05-27 20:58:11.320231.area
40,16497270.0,2018-05-27 20:58:12.709526.area
40,16477815.0,2018-05-27 20:58:14.140614.area
40,16761285.0,2018-05-27 20:58:15.605581.area
40,16312425.0,2018-05-27 20:58:17.042504.area
40,17100600.0,2018-05-27 20:58:18.742455.area
40,16811595.0,2018-05-27 20:58:20.933195.area
40,17010120.0,2018-05-27 20:58:22.688552.area
40,16526880.0,2018-05-27 20:58:25.644203.area
40,17039790.0,2018-05-27 20:58:27.066886.area
40,16511805.0,2018-05-27 20:58:28.512775.area
40,16363785.0,2018-05-27 20:58:29.959992.area
40,16946550.0,2018-05-27 20:58:32.068851.area
40,16712850.0,2018-05-27 20:58:33.605701.area
40,16880655.0,2018-05-27 20:58:35.032480.area
40,16508400.0,2018-05-27 20:58:37.455661.area
40,16895130.0,2018-05-27 20:58:39.220281.area
40,16800825.0,2018-05-27 20:58:40.845718.area
40,16758735.0,2018-05-27 20:58:42.373724.area
40,17038050.0,2018-05-27 20:58:44.116020.area
40,15988860.0,2018-05-27 20:58:45.349015.area
40,16817985.0,2018-05-27 20:58:47.064287.area
40,17232600.0,2018-05-27 20:58:49.156719.area
40,16534575.0,2018-05-27 20:58:50.428039.area
40,16712415.0,2018-05-27 20:58:51.778202.area
40,16648185.0,2018-05-27 20:58:53.246513.area
40,16561455.0,2018-05-27 20:58:54.928491.area
40,16167210.0,2018-05-27 20:58:56.127725.area
40,17106210.0,2018-05-27 20:58:58.006686.area
40,16983900.0,2018-05-27 20:58:59.519653.area
40,16442490.0,2018-05-27 20:59:01.023794.area
40,17219505.0,2018-05-27 20:59:03.138248.area
40,16395735.0,2018-05-27 20:59:04.561344.area
40,16216530.0,2018-05-27 20:59:05.723881.area
40,16582680.0,2018-05-27 20:59:07.248554.area
40,16461945.0,2018-05-27 20:59:08.623706.area
40,16749780.0,2018-05-27 20:59:10.528244.area
40,16880925.0,2018-05-27 20:59:12.415145.area
40,16465545.0,2018-05-27 20:59:14.069111.area
40,17520510.0,2018-05-27 20:59:16.019689.area
40,16333815.0,2018-05-27 20:59:17.423789.area
40,16529520.0,2018-05-27 20:59:18.737260.area
40,16479195.0,2018-05-27 20:59:20.356751.area
40,16345350.0,2018-05-27 20:59:21.623889.area
40,16169970.0,2018-05-27 20:59:22.963726.area
40,16559505.0,2018-05-27 20:59:24.384786.area
40,16904430.0,2018-05-27 20:59:26.624175.area
40,16505100.0,2018-05-27 20:59:27.968844.area
40,16446750.0,2018-05-27 20:59:29.403738.area
40,17155080.0,2018-05-27 20:59:31.135233.area
40,16866270.0,2018-05-27 20:59:32.860081.area
40,16775445.0,2018-05-27 20:59:34.323109.area
40,16367925.0,2018-05-27 20:59:35.683573.area
40,16420575.0,2018-05-27 20:59:37.063203.area
40,16204425.0,2018-05-27 20:59:38.327526.area
40,16734855.0,2018-05-27 20:59:39.873113.area
40,16084560.0,2018-05-27 20:59:41.336595.area
40,16017195.0,2018-05-27 20:59:42.629278.area
40,17241225.0,2018-05-27 20:59:44.710101.area
40,16627950.0,2018-05-27 20:59:46.247183.area
40,17732175.0,2018-05-27 20:59:48.490205.area
40,16625730.0,2018-05-27 20:59:50.182343.area
40,16763745.0,2018-05-27 20:59:51.622559.area
40,15963435.0,2018-05-27 20:59:52.761428.area
40,16235850.0,2018-05-27 20:59:53.972594.area
40,16351020.0,2018-05-27 20:59:55.494847.area
40,16155765.0,2018-05-27 20:59:56.506137.area
40,16831095.0,2018-05-27 20:59:58.581371.area
40,17333970.0,2018-05-27 21:00:00.314864.area
40,17748510.0,2018-05-27 21:00:02.480360.area
40,16040580.0,2018-05-27 21:00:03.570083.area
40,16118325.0,2018-05-27 21:00:04.726539.area
40,16374900.0,2018-05-27 21:00:06.073767.area
40,16210800.0,2018-05-27 21:00:08.530920.area
40,16387380.0,2018-05-27 21:00:10.040206.area
40,16802490.0,2018-05-27 21:00:11.744131.area
40,16668450.0,2018-05-27 21:00:13.304481.area
40,16190160.0,2018-05-27 21:00:14.563521.area
40,16202460.0,2018-05-27 21:00:15.777971.area
40,16830450.0,2018-05-27 21:00:17.316377.area
40,16779090.0,2018-05-27 21:00:20.079379.area
40,16820115.0,2018-05-27 21:00:21.593557.area
40,17055900.0,2018-05-27 21:00:23.679941.area
40,16037820.0,2018-05-27 21:00:25.013750.area
40,16941450.0,2018-05-27 21:00:26.658382.area
40,16740945.0,2018-05-27 21:00:27.906037.area
40,17363220.0,2018-05-27 21:00:29.868133.area
40,16480290.0,2018-05-27 21:00:31.182953.area
40,17101545.0,2018-05-27 21:00:32.672577.area
40,16363035.0,2018-05-27 21:00:34.040930.area
40,16330515.0,2018-05-27 21:00:35.333218.area
40,17170305.0,2018-05-27 21:00:37.325678.area
40,16262685.0,2018-05-27 21:00:38.855295.area
40,16696455.0,2018-05-27 21:00:40.360972.area
40,16954050.0,2018-05-27 21:00:41.924150.area
40,17993940.0,2018-05-27 21:00:45.191468.area
40,16330140.0,2018-05-27 21:00:46.389006.area
40,16884570.0,2018-05-27 21:00:48.848039.area
40,16806015.0,2018-05-27 21:00:50.267502.area
40,16891980.0,2018-05-27 21:00:51.853976.area
40,17809980.0,2018-05-27 21:00:54.195913.area
40,17673435.0,2018-05-27 21:00:56.282681.area
40,16353120.0,2018-05-27 21:00:57.975430.area
40,16912905.0,2018-05-27 21:01:01.097600.area
40,16233465.0,2018-05-27 21:01:02.326187.area
40,16493280.0,2018-05-27 21:01:03.651259.area
40,17177085.0,2018-05-27 21:01:05.176615.area
40,17367270.0,2018-05-27 21:01:07.311966.area
40,16653030.0,2018-05-27 21:01:09.008397.area
40,16809075.0,2018-05-27 21:01:10.538980.area
40,16195455.0,2018-05-27 21:01:11.743462.area
40,17027505.0,2018-05-27 21:01:13.656167.area
40,17313465.0,2018-05-27 21:01:15.360412.area
40,17082750.0,2018-05-27 21:01:17.508174.area
40,17139345.0,2018-05-27 21:01:19.305408.area
40,16634445.0,2018-05-27 21:01:20.742550.area
40,16131060.0,2018-05-27 21:01:21.728901.area
40,16078305.0,2018-05-27 21:01:23.035917.area
40,16808655.0,2018-05-27 21:01:24.697255.area
40,16667685.0,2018-05-27 21:01:26.160874.area
40,16008885.0,2018-05-27 21:01:27.328849.area
40,16187160.0,2018-05-27 21:01:28.675649.area
40,16260510.0,2018-05-27 21:01:30.074425.area
40,16880550.0,2018-05-27 21:01:31.883796.area
40,17101620.0,2018-05-27 21:01:33.625835.area
40,16274610.0,2018-05-27 21:01:34.957199.area
40,16201770.0,2018-05-27 21:01:36.108240.area
40,16423320.0,2018-05-27 21:01:37.776924.area
40,16632555.0,2018-05-27 21:01:39.110705.area
40,17332725.0,2018-05-27 21:01:41.067156.area
40,16922460.0,2018-05-27 21:01:42.785684.area
40,16526970.0,2018-05-27 21:01:44.145148.area
40,16986930.0,2018-05-27 21:01:46.489677.area
40,16667370.0,2018-05-27 21:01:48.157423.area
40,16551240.0,2018-05-27 21:01:49.775673.area
40,16922280.0,2018-05-27 21:01:51.292298.area
40,16234830.0,2018-05-27 21:01:52.494875.area
40,16428090.0,2018-05-27 21:01:53.908730.area
40,16452450.0,2018-05-27 21:01:55.304449.area
40,16858350.0,2018-05-27 21:01:57.339373.area
40,17106885.0,2018-05-27 21:01:59.204675.area
40,16744710.0,2018-05-27 21:02:00.811941.area
40,17486115.0,2018-05-27 21:02:03.153232.area
40,17793465.0,2018-05-27 21:02:05.545304.area
40,17002545.0,2018-05-27 21:02:07.333878.area
40,16480125.0,2018-05-27 21:02:08.824867.area
40,17287995.0,2018-05-27 21:02:13.096148.area
40,17167035.0,2018-05-27 21:02:15.204973.area
40,16845735.0,2018-05-27 21:02:17.269085.area
40,16546515.0,2018-05-27 21:02:18.787083.area
40,16208775.0,2018-05-27 21:02:20.076299.area
40,16661925.0,2018-05-27 21:02:21.667514.area
40,17059845.0,2018-05-27 21:02:23.485015.area
40,16992165.0,2018-05-27 21:02:25.530012.area
40,16632300.0,2018-05-27 21:02:27.115318.area
40,16525605.0,2018-05-27 21:02:28.482992.area
40,16213560.0,2018-05-27 21:02:29.930362.area
40,16591815.0,2018-05-27 21:02:31.241628.area
40,16701615.0,2018-05-27 21:02:33.017405.area
40,17295315.0,2018-05-27 21:02:34.673540.area
40,16100865.0,2018-05-27 21:02:36.013290.area
40,17507700.0,2018-05-27 21:02:38.000553.area
40,17105775.0,2018-05-27 21:02:39.576619.area
40,16133595.0,2018-05-27 21:02:40.701644.area
40,17180850.0,2018-05-27 21:02:42.301001.area
40,16349100.0,2018-05-27 21:02:43.931599.area
40,17237025.0,2018-05-27 21:02:46.224200.area
40,16750080.0,2018-05-27 21:02:47.972411.area
40,16165200.0,2018-05-27 21:02:49.192406.area
40,16901715.0,2018-05-27 21:02:50.999069.area
40,16683465.0,2018-05-27 21:02:52.962695.area
40,17013180.0,2018-05-27 21:02:54.659129.area
40,16816335.0,2018-05-27 21:02:56.097742.area
40,16894110.0,2018-05-27 21:02:59.116123.area
40,16127415.0,2018-05-27 21:03:00.366451.area
40,16158075.0,2018-05-27 21:03:01.709013.area
40,15908325.0,2018-05-27 21:03:02.782603.area
40,16561845.0,2018-05-27 21:03:04.384328.area
40,16645005.0,2018-05-27 21:03:05.917024.area
40,16451250.0,2018-05-27 21:03:07.168750.area
40,16422315.0,2018-05-27 21:03:08.678309.area
40,16253190.0,2018-05-27 21:03:09.856995.area
40,16900440.0,2018-05-27 21:03:11.251392.area
40,16504125.0,2018-05-27 21:03:12.723427.area
40,16364895.0,2018-05-27 21:03:14.508191.area
40,16652595.0,2018-05-27 21:03:16.350440.area
40,16684920.0,2018-05-27 21:03:17.879843.area
40,16820235.0,2018-05-27 21:03:19.484527.area
40,16640835.0,2018-05-27 21:03:21.073908.area
40,16774185.0,2018-05-27 21:03:22.556599.area
40,16769235.0,2018-05-27 21:03:23.925213.area
40,16799070.0,2018-05-27 21:03:25.681710.area
40,16356735.0,2018-05-27 21:03:27.250379.area
40,16536150.0,2018-05-27 21:03:28.997642.area
40,16580535.0,2018-05-27 21:03:30.454267.area
40,16909500.0,2018-05-27 21:03:32.038240.area
40,16988790.0,2018-05-27 21:03:33.936913.area
40,16616565.0,2018-05-27 21:03:35.434116.area
40,17015100.0,2018-05-27 21:03:37.537501.area
40,16529310.0,2018-05-27 21:03:38.768699.area
40,16684890.0,2018-05-27 21:03:41.803918.area
40,16587555.0,2018-05-27 21:03:43.246184.area
40,16200720.0,2018-05-27 21:03:44.501723.area
40,16983510.0,2018-05-27 21:03:46.223609.area
40,17389470.0,2018-05-27 21:03:48.173970.area
40,16649175.0,2018-05-27 21:03:50.012174.area
40,16887165.0,2018-05-27 21:03:51.683824.area
40,16737000.0,2018-05-27 21:03:53.148445.area
40,16845360.0,2018-05-27 21:03:55.150981.area
40,16324530.0,2018-05-27 21:03:56.405038.area
40,16540845.0,2018-05-27 21:03:57.647939.area
40,16131975.0,2018-05-27 21:03:59.104384.area
40,16665930.0,2018-05-27 21:04:01.300211.area
40,16887975.0,2018-05-27 21:04:02.857789.area
40,16710390.0,2018-05-27 21:04:04.205158.area
40,16102185.0,2018-05-27 21:04:05.377785.area
40,16973205.0,2018-05-27 21:04:07.361159.area
40,16297275.0,2018-05-27 21:04:08.725343.area
40,16379370.0,2018-05-27 21:04:10.364927.area
40,17387370.0,2018-05-27 21:04:11.908739.area
40,17558610.0,2018-05-27 21:04:14.820150.area
40,17155485.0,2018-05-27 21:04:16.530079.area
40,16547265.0,2018-05-27 21:04:17.894147.area
40,16627305.0,2018-05-27 21:04:19.541225.area
40,16960125.0,2018-05-27 21:04:21.034659.area
40,16460595.0,2018-05-27 21:04:22.434666.area
40,16500855.0,2018-05-27 21:04:23.789110.area
40,17281065.0,2018-05-27 21:04:25.767929.area
40,15719400.0,2018-05-27 21:04:27.048890.area
40,15937725.0,2018-05-27 21:04:28.164903.area
40,16625535.0,2018-05-27 21:04:29.690141.area
40,16531245.0,2018-05-27 21:04:31.358086.area
40,16276140.0,2018-05-27 21:04:32.701109.area
40,16302735.0,2018-05-27 21:04:34.959449.area
40,16784460.0,2018-05-27 21:04:36.548611.area
40,16278675.0,2018-05-27 21:04:37.796039.area
40,17104455.0,2018-05-27 21:04:39.783854.area
