Houses,Price,Area
20,12630495.0,2018-05-27 18:01:29.602334.area
20,12653865.0,2018-05-27 18:01:33.271712.area
20,12653865.0,2018-05-27 18:01:36.923928.area
20,12661275.0,2018-05-27 18:01:40.581787.area
20,12661275.0,2018-05-27 18:01:44.260419.area
20,12661275.0,2018-05-27 18:01:48.053162.area
20,12617100.0,2018-05-27 18:01:52.323795.area
20,12652725.0,2018-05-27 18:01:56.886593.area
20,12661275.0,2018-05-27 18:02:00.649955.area
20,12661275.0,2018-05-27 18:02:04.802747.area
20,12661275.0,2018-05-27 18:02:08.608450.area
20,12642975.0,2018-05-27 18:02:12.448799.area
20,12642975.0,2018-05-27 18:02:16.018854.area
20,12629355.0,2018-05-27 18:02:19.841609.area
20,12685215.0,2018-05-27 18:02:23.689347.area
20,12702315.0,2018-05-27 18:02:28.560488.area
20,12702315.0,2018-05-27 18:02:32.356066.area
20,12702315.0,2018-05-27 18:02:36.202467.area
20,12702315.0,2018-05-27 18:02:39.946922.area
20,12702315.0,2018-05-27 18:02:43.634872.area
20,12702315.0,2018-05-27 18:02:47.367406.area
20,12693765.0,2018-05-27 18:02:51.045115.area
20,12678375.0,2018-05-27 18:02:54.700306.area
20,12719415.0,2018-05-27 18:02:58.397503.area
20,12701115.0,2018-05-27 18:03:02.196757.area
20,12719415.0,2018-05-27 18:03:05.926253.area
20,12719415.0,2018-05-27 18:03:09.722740.area
20,12740790.0,2018-05-27 18:03:13.572981.area
20,12708870.0,2018-05-27 18:03:19.708775.area
20,12756750.0,2018-05-27 18:03:25.435631.area
20,12756750.0,2018-05-27 18:03:29.948440.area
20,12756750.0,2018-05-27 18:03:33.923456.area
20,12735375.0,2018-05-27 18:03:37.990753.area
20,12748770.0,2018-05-27 18:03:42.222955.area
20,12756750.0,2018-05-27 18:03:46.125340.area
20,12756750.0,2018-05-27 18:03:49.988990.area
20,12665250.0,2018-05-27 18:03:54.112091.area
20,12765300.0,2018-05-27 18:03:58.677716.area
20,12733380.0,2018-05-27 18:04:04.474270.area
20,12747000.0,2018-05-27 18:04:10.686693.area
20,12765300.0,2018-05-27 18:04:15.205155.area
20,12765300.0,2018-05-27 18:04:19.059833.area
20,12785535.0,2018-05-27 18:04:23.249728.area
20,12794085.0,2018-05-27 18:04:27.378515.area
20,12794085.0,2018-05-27 18:04:31.481880.area
20,12785535.0,2018-05-27 18:04:35.642492.area
20,12812385.0,2018-05-27 18:04:40.518685.area
20,12812385.0,2018-05-27 18:04:47.076363.area
20,12812385.0,2018-05-27 18:04:52.520688.area
20,12812385.0,2018-05-27 18:04:59.825150.area
20,12812385.0,2018-05-27 18:05:06.603319.area
20,12812955.0,2018-05-27 18:05:11.957452.area
20,12808110.0,2018-05-27 18:05:15.827761.area
20,12812955.0,2018-05-27 18:05:19.672465.area
20,12794655.0,2018-05-27 18:05:23.540243.area
20,12847155.0,2018-05-27 18:05:27.418691.area
20,12847155.0,2018-05-27 18:05:31.496939.area
20,12822645.0,2018-05-27 18:05:35.527918.area
20,12847155.0,2018-05-27 18:05:39.396814.area
20,12847155.0,2018-05-27 18:05:43.140017.area
20,12804405.0,2018-05-27 18:05:46.997050.area
20,12847155.0,2018-05-27 18:05:50.832094.area
20,12847155.0,2018-05-27 18:05:54.706715.area
20,12839175.0,2018-05-27 18:05:58.663283.area
20,12847155.0,2018-05-27 18:06:02.560589.area
20,12834330.0,2018-05-27 18:06:06.585754.area
20,12847155.0,2018-05-27 18:06:10.475341.area
20,12847155.0,2018-05-27 18:06:14.336770.area
20,12847155.0,2018-05-27 18:06:18.243961.area
20,12847155.0,2018-05-27 18:06:22.359803.area
20,12887055.0,2018-05-27 18:06:26.569362.area
20,12878505.0,2018-05-27 18:06:30.499057.area
20,12863115.0,2018-05-27 18:06:34.444731.area
20,12887055.0,2018-05-27 18:06:38.262363.area
20,12887055.0,2018-05-27 18:06:42.121147.area
20,12903015.0,2018-05-27 18:06:45.939547.area
20,12903015.0,2018-05-27 18:06:49.816828.area
20,12903015.0,2018-05-27 18:06:53.605252.area
20,12863115.0,2018-05-27 18:06:57.495413.area
20,12894465.0,2018-05-27 18:07:01.346810.area
20,12903015.0,2018-05-27 18:07:05.152962.area
20,13008135.0,2018-05-27 18:07:09.042678.area
20,13016685.0,2018-05-27 18:07:13.233172.area
20,13016685.0,2018-05-27 18:07:17.448947.area
20,13016685.0,2018-05-27 18:07:21.456395.area
20,13016685.0,2018-05-27 18:07:25.615308.area
20,13016685.0,2018-05-27 18:07:29.726192.area
20,12976785.0,2018-05-27 18:07:33.612675.area
20,13089930.0,2018-05-27 18:07:37.642386.area
20,13089930.0,2018-05-27 18:07:41.990664.area
20,13089930.0,2018-05-27 18:07:46.064180.area
20,13089930.0,2018-05-27 18:07:50.182727.area
20,13124130.0,2018-05-27 18:07:54.305872.area
20,13124130.0,2018-05-27 18:07:58.340450.area
20,13124130.0,2018-05-27 18:08:02.489045.area
20,13124130.0,2018-05-27 18:08:06.873480.area
20,13124130.0,2018-05-27 18:08:11.040021.area
20,13124130.0,2018-05-27 18:08:15.658995.area
20,13139805.0,2018-05-27 18:08:19.943360.area
20,13139805.0,2018-05-27 18:08:24.348409.area
20,13139805.0,2018-05-27 18:08:28.398879.area
20,13163745.0,2018-05-27 18:08:32.490028.area
20,13142370.0,2018-05-27 18:08:36.907682.area
20,13123845.0,2018-05-27 18:08:41.066550.area
20,13163745.0,2018-05-27 18:08:45.057617.area
20,13088040.0,2018-05-27 18:08:49.007793.area
20,13139805.0,2018-05-27 18:08:53.044106.area
20,13142370.0,2018-05-27 18:08:57.187704.area
20,13163745.0,2018-05-27 18:09:01.260086.area
20,13139805.0,2018-05-27 18:09:05.190154.area
20,13163745.0,2018-05-27 18:09:09.396222.area
20,13159470.0,2018-05-27 18:09:13.561348.area
20,13145445.0,2018-05-27 18:09:17.942433.area
20,13146645.0,2018-05-27 18:09:22.158365.area
20,13163745.0,2018-05-27 18:09:26.183614.area
20,13145445.0,2018-05-27 18:09:30.528735.area
20,13163745.0,2018-05-27 18:09:34.725825.area
20,13163745.0,2018-05-27 18:09:38.827170.area
20,13163745.0,2018-05-27 18:09:43.113455.area
20,13163745.0,2018-05-27 18:09:47.238111.area
20,13163745.0,2018-05-27 18:09:51.301355.area
20,13163745.0,2018-05-27 18:09:55.414107.area
20,13168020.0,2018-05-27 18:09:59.604787.area
20,13168020.0,2018-05-27 18:10:03.773625.area
20,13160040.0,2018-05-27 18:10:08.186087.area
20,13168020.0,2018-05-27 18:10:12.470562.area
20,13168020.0,2018-05-27 18:10:16.494756.area
20,13168020.0,2018-05-27 18:10:20.807598.area
20,13168020.0,2018-05-27 18:10:24.932532.area
20,13168020.0,2018-05-27 18:10:29.258969.area
20,13168020.0,2018-05-27 18:10:33.474568.area
20,13168020.0,2018-05-27 18:10:37.648893.area
20,13128120.0,2018-05-27 18:10:41.563267.area
20,13168020.0,2018-05-27 18:10:45.515570.area
20,13168020.0,2018-05-27 18:10:49.467420.area
20,13168020.0,2018-05-27 18:10:53.428014.area
20,13115460.0,2018-05-27 18:10:57.760613.area
20,13143510.0,2018-05-27 18:11:01.893623.area
20,13168020.0,2018-05-27 18:11:06.138145.area
20,13063695.0,2018-05-27 18:11:10.138789.area
20,13149720.0,2018-05-27 18:11:14.245127.area
20,13168020.0,2018-05-27 18:11:18.463131.area
20,13168020.0,2018-05-27 18:11:22.711967.area
20,13168020.0,2018-05-27 18:11:26.777631.area
20,13168020.0,2018-05-27 18:11:31.032639.area
20,13168020.0,2018-05-27 18:11:35.034686.area
20,13122870.0,2018-05-27 18:11:39.023557.area
20,13185120.0,2018-05-27 18:11:43.026572.area
20,13163745.0,2018-05-27 18:11:47.084669.area
20,13177140.0,2018-05-27 18:11:51.504700.area
20,13142370.0,2018-05-27 18:11:55.648456.area
20,13053720.0,2018-05-27 18:11:59.595597.area
20,13185120.0,2018-05-27 18:12:03.547721.area
20,13240020.0,2018-05-27 18:12:07.538669.area
20,13240020.0,2018-05-27 18:12:11.553747.area
20,13213740.0,2018-05-27 18:12:15.600596.area
20,13240020.0,2018-05-27 18:12:19.857165.area
20,13218645.0,2018-05-27 18:12:24.020825.area
20,13205820.0,2018-05-27 18:12:28.153829.area
20,13224060.0,2018-05-27 18:12:32.272768.area
20,13240020.0,2018-05-27 18:12:36.403250.area
20,13240020.0,2018-05-27 18:12:40.662638.area
20,13240020.0,2018-05-27 18:12:44.694397.area
20,13240020.0,2018-05-27 18:12:48.837927.area
20,13263960.0,2018-05-27 18:12:53.437825.area
20,13263960.0,2018-05-27 18:12:57.916685.area
20,13276785.0,2018-05-27 18:13:02.057956.area
20,13276785.0,2018-05-27 18:13:06.091248.area
20,13251135.0,2018-05-27 18:13:10.132088.area
20,13276785.0,2018-05-27 18:13:14.134025.area
20,13258485.0,2018-05-27 18:13:18.147789.area
20,13276785.0,2018-05-27 18:13:22.178241.area
20,13217610.0,2018-05-27 18:13:26.334178.area
20,13276785.0,2018-05-27 18:13:30.792778.area
20,13276785.0,2018-05-27 18:13:35.060249.area
20,13276785.0,2018-05-27 18:13:39.257237.area
20,13268805.0,2018-05-27 18:13:43.390723.area
20,13258485.0,2018-05-27 18:13:47.501578.area
20,13252845.0,2018-05-27 18:13:51.636855.area
20,13276785.0,2018-05-27 18:13:55.709242.area
20,13259685.0,2018-05-27 18:13:59.753023.area
20,13276785.0,2018-05-27 18:14:03.812870.area
20,13276785.0,2018-05-27 18:14:07.864461.area
20,13268235.0,2018-05-27 18:14:11.920497.area
20,13244865.0,2018-05-27 18:14:15.975132.area
20,13276785.0,2018-05-27 18:14:20.024040.area
20,13331685.0,2018-05-27 18:14:24.107679.area
20,13307745.0,2018-05-27 18:14:28.218689.area
20,13331685.0,2018-05-27 18:14:32.343124.area
20,13331685.0,2018-05-27 18:14:36.425927.area
20,13331685.0,2018-05-27 18:14:40.574947.area
20,13276785.0,2018-05-27 18:14:44.674549.area
20,13313385.0,2018-05-27 18:14:48.782902.area
20,13331685.0,2018-05-27 18:14:52.903848.area
20,13297485.0,2018-05-27 18:14:57.010018.area
20,13331685.0,2018-05-27 18:15:01.128653.area
20,13331685.0,2018-05-27 18:15:05.244383.area
20,13331685.0,2018-05-27 18:15:09.358922.area
20,13331685.0,2018-05-27 18:15:13.490680.area
20,13327410.0,2018-05-27 18:15:17.591965.area
20,13331685.0,2018-05-27 18:15:21.698789.area
20,13299765.0,2018-05-27 18:15:25.789015.area
20,13335960.0,2018-05-27 18:15:29.926014.area
20,13335960.0,2018-05-27 18:15:34.031835.area
20,13335960.0,2018-05-27 18:15:38.537434.area
20,13335960.0,2018-05-27 18:15:42.636346.area
20,13296060.0,2018-05-27 18:15:46.853135.area
20,13320000.0,2018-05-27 18:15:50.959843.area
20,13335960.0,2018-05-27 18:15:55.065932.area
20,13335960.0,2018-05-27 18:15:59.158075.area
20,13383555.0,2018-05-27 18:16:03.269263.area
20,13392105.0,2018-05-27 18:16:07.395279.area
20,13392105.0,2018-05-27 18:16:11.532104.area
20,13392105.0,2018-05-27 18:16:15.652673.area
20,13392105.0,2018-05-27 18:16:19.767550.area
20,13392105.0,2018-05-27 18:16:23.854266.area
20,13377285.0,2018-05-27 18:16:27.947917.area
20,13384125.0,2018-05-27 18:16:32.090639.area
20,13387830.0,2018-05-27 18:16:36.206502.area
20,13428870.0,2018-05-27 18:16:40.388464.area
20,13428870.0,2018-05-27 18:16:44.537024.area
20,13428870.0,2018-05-27 18:16:48.682032.area
20,13428870.0,2018-05-27 18:16:52.801950.area
20,13411770.0,2018-05-27 18:16:56.947670.area
20,13428870.0,2018-05-27 18:17:01.070252.area
20,13428870.0,2018-05-27 18:17:05.218160.area
20,13428870.0,2018-05-27 18:17:09.362053.area
20,13428870.0,2018-05-27 18:17:13.520936.area
20,13428870.0,2018-05-27 18:17:17.676210.area
20,13450245.0,2018-05-27 18:17:21.838141.area
20,13450245.0,2018-05-27 18:17:26.012274.area
20,13420320.0,2018-05-27 18:17:30.204062.area
20,13450245.0,2018-05-27 18:17:34.385594.area
20,13450245.0,2018-05-27 18:17:38.560606.area
20,13410345.0,2018-05-27 18:17:42.717597.area
20,13450245.0,2018-05-27 18:17:46.883068.area
20,13450245.0,2018-05-27 18:17:51.060571.area
20,13423965.0,2018-05-27 18:17:55.225289.area
20,13461360.0,2018-05-27 18:17:59.395173.area
20,13453380.0,2018-05-27 18:18:03.560602.area
20,13461360.0,2018-05-27 18:18:07.728228.area
20,13461360.0,2018-05-27 18:18:11.905356.area
20,13461360.0,2018-05-27 18:18:16.069810.area
20,13461360.0,2018-05-27 18:18:20.234660.area
20,13461360.0,2018-05-27 18:18:24.398482.area
20,13461360.0,2018-05-27 18:18:28.588073.area
20,13453950.0,2018-05-27 18:18:32.745179.area
20,13452810.0,2018-05-27 18:18:36.912790.area
20,13461360.0,2018-05-27 18:18:41.081851.area
20,13444260.0,2018-05-27 18:18:45.246743.area
20,13461360.0,2018-05-27 18:18:49.419855.area
20,13461360.0,2018-05-27 18:18:53.591962.area
20,13461360.0,2018-05-27 18:18:57.758329.area
20,13461360.0,2018-05-27 18:19:01.933732.area
20,13461360.0,2018-05-27 18:19:06.102587.area
20,13461360.0,2018-05-27 18:19:10.294420.area
20,13461360.0,2018-05-27 18:19:14.462797.area
20,13461360.0,2018-05-27 18:19:18.615727.area
20,13461360.0,2018-05-27 18:19:22.820173.area
20,13356240.0,2018-05-27 18:19:26.945108.area
20,13448535.0,2018-05-27 18:19:31.152754.area
20,13443060.0,2018-05-27 18:19:35.316356.area
20,13461360.0,2018-05-27 18:19:39.531713.area
20,13461360.0,2018-05-27 18:19:43.698002.area
20,13461360.0,2018-05-27 18:19:47.858854.area
20,13461360.0,2018-05-27 18:19:52.023969.area
20,13474185.0,2018-05-27 18:19:56.191819.area
20,13474185.0,2018-05-27 18:20:00.395222.area
20,13474185.0,2018-05-27 18:20:04.529897.area
20,13474185.0,2018-05-27 18:20:08.700991.area
20,13474185.0,2018-05-27 18:20:12.899684.area
20,13452810.0,2018-05-27 18:20:17.085149.area
20,13474185.0,2018-05-27 18:20:21.263602.area
20,13450245.0,2018-05-27 18:20:25.445300.area
20,13434285.0,2018-05-27 18:20:29.623557.area
20,13450245.0,2018-05-27 18:20:33.784800.area
20,13474185.0,2018-05-27 18:20:37.971346.area
20,13466205.0,2018-05-27 18:20:42.164141.area
20,13471050.0,2018-05-27 18:20:46.360414.area
20,13474185.0,2018-05-27 18:20:50.560242.area
20,13474185.0,2018-05-27 18:20:54.766903.area
20,13474185.0,2018-05-27 18:20:58.971817.area
20,13474185.0,2018-05-27 18:21:03.153491.area
20,13474185.0,2018-05-27 18:21:07.329115.area
20,13474185.0,2018-05-27 18:21:11.510348.area
20,13474185.0,2018-05-27 18:21:15.690817.area
20,13474185.0,2018-05-27 18:21:19.863623.area
20,13474185.0,2018-05-27 18:21:24.042270.area
20,13474185.0,2018-05-27 18:21:28.238937.area
20,13474185.0,2018-05-27 18:21:32.450128.area
20,13474185.0,2018-05-27 18:21:36.624413.area
20,13474185.0,2018-05-27 18:21:40.789560.area
20,13474185.0,2018-05-27 18:21:44.973707.area
20,13474185.0,2018-05-27 18:21:49.153870.area
20,13459365.0,2018-05-27 18:21:53.312600.area
20,13474185.0,2018-05-27 18:21:57.487296.area
20,13474185.0,2018-05-27 18:22:01.665755.area
20,13474185.0,2018-05-27 18:22:05.833113.area
20,13482165.0,2018-05-27 18:22:10.020288.area
20,13482165.0,2018-05-27 18:22:14.217451.area
20,13482165.0,2018-05-27 18:22:18.408057.area
20,13482165.0,2018-05-27 18:22:22.597411.area
20,13463865.0,2018-05-27 18:22:26.778952.area
20,13450245.0,2018-05-27 18:22:30.997975.area
20,13482165.0,2018-05-27 18:22:35.193764.area
20,13482165.0,2018-05-27 18:22:39.438108.area
20,13482165.0,2018-05-27 18:22:43.633278.area
20,13482165.0,2018-05-27 18:22:47.825577.area
20,13482165.0,2018-05-27 18:22:52.018533.area
20,13463865.0,2018-05-27 18:22:56.194105.area
20,13499265.0,2018-05-27 18:23:00.394954.area
20,13509585.0,2018-05-27 18:23:04.613489.area
20,13501035.0,2018-05-27 18:23:08.828542.area
20,13509585.0,2018-05-27 18:23:13.056955.area
20,13509585.0,2018-05-27 18:23:17.277067.area
20,13509585.0,2018-05-27 18:23:21.494451.area
20,13509585.0,2018-05-27 18:23:25.708349.area
20,13509585.0,2018-05-27 18:23:29.950382.area
20,13485645.0,2018-05-27 18:23:34.165493.area
20,13499265.0,2018-05-27 18:23:38.379186.area
20,13491285.0,2018-05-27 18:23:42.597036.area
20,13509585.0,2018-05-27 18:23:46.813737.area
20,13509585.0,2018-05-27 18:23:51.030941.area
20,13509585.0,2018-05-27 18:23:55.241010.area
20,13509585.0,2018-05-27 18:23:59.460943.area
20,13509585.0,2018-05-27 18:24:03.682108.area
20,13526685.0,2018-05-27 18:24:07.894907.area
20,13509585.0,2018-05-27 18:24:12.103486.area
20,13510725.0,2018-05-27 18:24:16.327870.area
20,13526685.0,2018-05-27 18:24:20.535419.area
20,13513860.0,2018-05-27 18:24:24.727421.area
20,13563450.0,2018-05-27 18:24:28.976660.area
20,13563450.0,2018-05-27 18:24:33.211544.area
20,13550625.0,2018-05-27 18:24:37.446795.area
20,13567725.0,2018-05-27 18:24:41.718974.area
20,13567725.0,2018-05-27 18:24:45.973522.area
20,13567725.0,2018-05-27 18:24:50.229881.area
20,13567725.0,2018-05-27 18:24:54.486454.area
20,13554900.0,2018-05-27 18:24:58.742031.area
20,13580550.0,2018-05-27 18:25:03.006427.area
20,13563450.0,2018-05-27 18:25:07.275091.area
20,13507350.0,2018-05-27 18:25:11.545408.area
20,13580550.0,2018-05-27 18:25:15.830667.area
20,13580550.0,2018-05-27 18:25:20.102198.area
20,13580550.0,2018-05-27 18:25:24.376018.area
20,13580550.0,2018-05-27 18:25:28.685708.area
20,13562250.0,2018-05-27 18:25:32.955948.area
20,13559175.0,2018-05-27 18:25:37.260996.area
20,13576275.0,2018-05-27 18:25:41.566060.area
20,13580550.0,2018-05-27 18:25:45.850338.area
20,13584825.0,2018-05-27 18:25:50.127187.area
20,13616745.0,2018-05-27 18:25:54.435002.area
20,13616745.0,2018-05-27 18:25:58.802870.area
20,13616745.0,2018-05-27 18:26:03.168925.area
20,13580145.0,2018-05-27 18:26:07.528530.area
20,13590465.0,2018-05-27 18:26:11.908310.area
20,13543545.0,2018-05-27 18:26:16.237893.area
20,13599645.0,2018-05-27 18:26:20.600394.area
20,13616745.0,2018-05-27 18:26:24.975040.area
20,13612470.0,2018-05-27 18:26:29.363033.area
20,13616745.0,2018-05-27 18:26:33.736566.area
20,13616745.0,2018-05-27 18:26:38.096147.area
20,13616745.0,2018-05-27 18:26:42.456827.area
20,13608195.0,2018-05-27 18:26:46.828411.area
20,13616745.0,2018-05-27 18:26:51.193607.area
20,13616745.0,2018-05-27 18:26:55.555585.area
20,13616745.0,2018-05-27 18:26:59.917947.area
20,13633275.0,2018-05-27 18:27:04.311846.area
20,13633275.0,2018-05-27 18:27:08.693342.area
20,13593375.0,2018-05-27 18:27:13.066879.area
20,13645530.0,2018-05-27 18:27:17.463745.area
20,13627230.0,2018-05-27 18:27:21.849907.area
20,13645530.0,2018-05-27 18:27:26.240323.area
20,13627230.0,2018-05-27 18:27:30.652495.area
20,13645530.0,2018-05-27 18:27:35.054927.area
20,13645530.0,2018-05-27 18:27:39.478119.area
20,13645530.0,2018-05-27 18:27:43.885836.area
20,13645530.0,2018-05-27 18:27:48.281384.area
20,13639485.0,2018-05-27 18:27:52.673207.area
20,13645530.0,2018-05-27 18:27:57.076062.area
20,13645530.0,2018-05-27 18:28:01.468289.area
20,13649805.0,2018-05-27 18:28:05.862076.area
20,13649805.0,2018-05-27 18:28:10.268047.area
20,13662060.0,2018-05-27 18:28:14.672073.area
20,13662060.0,2018-05-27 18:28:19.078749.area
20,13640685.0,2018-05-27 18:28:23.478020.area
20,13662060.0,2018-05-27 18:28:27.887935.area
20,13662060.0,2018-05-27 18:28:32.331076.area
20,13662060.0,2018-05-27 18:28:36.753256.area
20,13662060.0,2018-05-27 18:28:41.195210.area
20,13679160.0,2018-05-27 18:28:45.608586.area
20,13639260.0,2018-05-27 18:28:49.993586.area
20,13624260.0,2018-05-27 18:28:54.371640.area
20,13691985.0,2018-05-27 18:28:58.790741.area
20,13683435.0,2018-05-27 18:29:03.205606.area
20,13691985.0,2018-05-27 18:29:07.631663.area
20,13691985.0,2018-05-27 18:29:12.078200.area
20,13700535.0,2018-05-27 18:29:16.520517.area
20,13700535.0,2018-05-27 18:29:20.942975.area
20,13700535.0,2018-05-27 18:29:25.373405.area
20,13700535.0,2018-05-27 18:29:29.838403.area
20,13700535.0,2018-05-27 18:29:34.261760.area
20,13700535.0,2018-05-27 18:29:38.699312.area
20,13755435.0,2018-05-27 18:29:43.157108.area
20,13755435.0,2018-05-27 18:29:47.614456.area
20,13755435.0,2018-05-27 18:29:52.107404.area
20,13755435.0,2018-05-27 18:29:56.531115.area
20,13755435.0,2018-05-27 18:30:00.992976.area
20,13755435.0,2018-05-27 18:30:05.434265.area
20,13734060.0,2018-05-27 18:30:09.879903.area
20,13755435.0,2018-05-27 18:30:14.324393.area
20,13747455.0,2018-05-27 18:30:18.771666.area
20,13737135.0,2018-05-27 18:30:23.208268.area
20,13737135.0,2018-05-27 18:30:27.659420.area
20,13751160.0,2018-05-27 18:30:32.126624.area
20,13663935.0,2018-05-27 18:30:36.532263.area
20,13755435.0,2018-05-27 18:30:40.984644.area
20,13755435.0,2018-05-27 18:30:45.410452.area
20,13755435.0,2018-05-27 18:30:49.865103.area
20,13772535.0,2018-05-27 18:30:54.323132.area
20,13751160.0,2018-05-27 18:30:58.795735.area
20,13772535.0,2018-05-27 18:31:03.271610.area
20,13772535.0,2018-05-27 18:31:07.745180.area
20,13780515.0,2018-05-27 18:31:12.229146.area
20,13771965.0,2018-05-27 18:31:16.720429.area
20,13776240.0,2018-05-27 18:31:21.197379.area
20,13740615.0,2018-05-27 18:31:25.643992.area
20,13762215.0,2018-05-27 18:31:30.135119.area
20,13780515.0,2018-05-27 18:31:34.640031.area
20,13748595.0,2018-05-27 18:31:39.153134.area
20,13771965.0,2018-05-27 18:31:43.638601.area
20,13780515.0,2018-05-27 18:31:48.131805.area
20,13797615.0,2018-05-27 18:31:52.639252.area
20,13797615.0,2018-05-27 18:31:57.166751.area
20,13852515.0,2018-05-27 18:32:01.722618.area
20,13852515.0,2018-05-27 18:32:06.296955.area
20,13852515.0,2018-05-27 18:32:10.873764.area
20,13852515.0,2018-05-27 18:32:15.453967.area
20,13831140.0,2018-05-27 18:32:20.030973.area
20,13852515.0,2018-05-27 18:32:24.611231.area
20,13852515.0,2018-05-27 18:32:29.217222.area
20,13852515.0,2018-05-27 18:32:33.803042.area
20,13848240.0,2018-05-27 18:32:38.391234.area
20,13822590.0,2018-05-27 18:32:42.972057.area
20,13852515.0,2018-05-27 18:32:47.559433.area
20,13852515.0,2018-05-27 18:32:52.142326.area
20,13852515.0,2018-05-27 18:32:56.722306.area
20,13852515.0,2018-05-27 18:33:01.291635.area
20,13843965.0,2018-05-27 18:33:05.903214.area
20,13803495.0,2018-05-27 18:33:10.470297.area
20,13803495.0,2018-05-27 18:33:15.015008.area
20,13852515.0,2018-05-27 18:33:19.607268.area
20,13852515.0,2018-05-27 18:33:24.235281.area
20,13852515.0,2018-05-27 18:33:28.863214.area
20,13834215.0,2018-05-27 18:33:33.452337.area
20,13803495.0,2018-05-27 18:33:38.022214.area
20,13862835.0,2018-05-27 18:33:42.641048.area
20,13862835.0,2018-05-27 18:33:47.288110.area
20,13879935.0,2018-05-27 18:33:51.894108.area
20,13879935.0,2018-05-27 18:33:56.541253.area
20,13892760.0,2018-05-27 18:34:01.151126.area
20,13892760.0,2018-05-27 18:34:05.762014.area
20,13868820.0,2018-05-27 18:34:10.355624.area
20,13892760.0,2018-05-27 18:34:14.997446.area
20,13856160.0,2018-05-27 18:34:19.604244.area
20,13892760.0,2018-05-27 18:34:24.264452.area
20,13892760.0,2018-05-27 18:34:28.901820.area
20,13892760.0,2018-05-27 18:34:33.525675.area
20,13888485.0,2018-05-27 18:34:38.145854.area
20,13892760.0,2018-05-27 18:34:42.731395.area
20,13884210.0,2018-05-27 18:34:47.399266.area
20,13801260.0,2018-05-27 18:34:51.975225.area
20,13884780.0,2018-05-27 18:34:56.586225.area
20,13892760.0,2018-05-27 18:35:01.209183.area
20,13874460.0,2018-05-27 18:35:05.808140.area
20,13871385.0,2018-05-27 18:35:10.415450.area
20,13879935.0,2018-05-27 18:35:15.032022.area
20,13884210.0,2018-05-27 18:35:19.656975.area
20,13892760.0,2018-05-27 18:35:24.275251.area
20,13892760.0,2018-05-27 18:35:28.915747.area
20,13875660.0,2018-05-27 18:35:33.535869.area
20,13892760.0,2018-05-27 18:35:38.421414.area
20,13892760.0,2018-05-27 18:35:43.062671.area
20,13900740.0,2018-05-27 18:35:47.922511.area
20,13900740.0,2018-05-27 18:35:52.571555.area
20,13963155.0,2018-05-27 18:35:57.192777.area
20,13963155.0,2018-05-27 18:36:01.812914.area
20,13952835.0,2018-05-27 18:36:06.419538.area
20,13963155.0,2018-05-27 18:36:11.052096.area
20,13963155.0,2018-05-27 18:36:15.649364.area
20,13963155.0,2018-05-27 18:36:20.284084.area
20,13944855.0,2018-05-27 18:36:24.907362.area
20,13963155.0,2018-05-27 18:36:29.550429.area
20,13980255.0,2018-05-27 18:36:34.201354.area
20,13980255.0,2018-05-27 18:36:38.878673.area
20,13961955.0,2018-05-27 18:36:43.518005.area
20,13940355.0,2018-05-27 18:36:48.141684.area
20,13980255.0,2018-05-27 18:36:52.795652.area
20,13980255.0,2018-05-27 18:36:57.443080.area
20,13980255.0,2018-05-27 18:37:02.090123.area
20,13955175.0,2018-05-27 18:37:06.723375.area
20,13980255.0,2018-05-27 18:37:11.375233.area
20,13961955.0,2018-05-27 18:37:16.029158.area
20,13997355.0,2018-05-27 18:37:20.675314.area
20,13997355.0,2018-05-27 18:37:25.339019.area
20,13997355.0,2018-05-27 18:37:30.016433.area
20,13997355.0,2018-05-27 18:37:34.675027.area
20,13997355.0,2018-05-27 18:37:39.332663.area
20,13997355.0,2018-05-27 18:37:43.980417.area
20,14017995.0,2018-05-27 18:37:48.622472.area
20,14017995.0,2018-05-27 18:37:53.263736.area
20,14017995.0,2018-05-27 18:37:57.906538.area
20,14017995.0,2018-05-27 18:38:02.532885.area
20,13988070.0,2018-05-27 18:38:07.181278.area
20,14017995.0,2018-05-27 18:38:11.821835.area
20,14033955.0,2018-05-27 18:38:16.474514.area
20,14029680.0,2018-05-27 18:38:21.149474.area
20,14033955.0,2018-05-27 18:38:25.809997.area
20,14033955.0,2018-05-27 18:38:30.484398.area
20,14033955.0,2018-05-27 18:38:35.161593.area
20,14070555.0,2018-05-27 18:38:39.874141.area
20,14088855.0,2018-05-27 18:38:44.601793.area
20,14088855.0,2018-05-27 18:38:49.335210.area
20,14076030.0,2018-05-27 18:38:54.056853.area
20,14088855.0,2018-05-27 18:38:58.768774.area
20,14088855.0,2018-05-27 18:39:03.493687.area
20,14080305.0,2018-05-27 18:39:08.221952.area
20,14093130.0,2018-05-27 18:39:12.964554.area
20,14093130.0,2018-05-27 18:39:17.697251.area
20,14093130.0,2018-05-27 18:39:22.420626.area
20,14093130.0,2018-05-27 18:39:27.115554.area
20,14093130.0,2018-05-27 18:39:31.863488.area
20,14093130.0,2018-05-27 18:39:36.610705.area
20,14093130.0,2018-05-27 18:39:41.380102.area
20,14093130.0,2018-05-27 18:39:46.115120.area
20,14093130.0,2018-05-27 18:39:50.866937.area
20,14093130.0,2018-05-27 18:39:55.574529.area
20,14093130.0,2018-05-27 18:40:00.321417.area
20,14093130.0,2018-05-27 18:40:05.097084.area
20,14093130.0,2018-05-27 18:40:09.900798.area
20,14093130.0,2018-05-27 18:40:14.656356.area
20,14088855.0,2018-05-27 18:40:19.435027.area
20,14088855.0,2018-05-27 18:40:24.216581.area
20,14074830.0,2018-05-27 18:40:28.998759.area
20,14093130.0,2018-05-27 18:40:33.771043.area
20,14084580.0,2018-05-27 18:40:38.542241.area
20,14093130.0,2018-05-27 18:40:43.329519.area
20,14092560.0,2018-05-27 18:40:48.104006.area
20,14085150.0,2018-05-27 18:40:52.891580.area
20,14069190.0,2018-05-27 18:40:57.655139.area
20,14093130.0,2018-05-27 18:41:02.429830.area
20,14071755.0,2018-05-27 18:41:07.192356.area
20,14093130.0,2018-05-27 18:41:11.961261.area
20,14093130.0,2018-05-27 18:41:16.721863.area
20,14093130.0,2018-05-27 18:41:21.474917.area
20,14093130.0,2018-05-27 18:41:26.225097.area
20,14093130.0,2018-05-27 18:41:30.996189.area
20,14093130.0,2018-05-27 18:41:35.746271.area
20,14093130.0,2018-05-27 18:41:40.508156.area
20,14093130.0,2018-05-27 18:41:45.265096.area
20,14076030.0,2018-05-27 18:41:50.014360.area
20,14081445.0,2018-05-27 18:41:54.752500.area
20,14093130.0,2018-05-27 18:41:59.445646.area
20,14093130.0,2018-05-27 18:42:04.178683.area
20,14057505.0,2018-05-27 18:42:08.839939.area
20,14093130.0,2018-05-27 18:42:13.554120.area
20,14065485.0,2018-05-27 18:42:18.239654.area
20,14093130.0,2018-05-27 18:42:22.973772.area
20,14093130.0,2018-05-27 18:42:27.665315.area
20,14093130.0,2018-05-27 18:42:32.391966.area
20,14093130.0,2018-05-27 18:42:37.124802.area
20,14090280.0,2018-05-27 18:42:41.851732.area
20,14093130.0,2018-05-27 18:42:46.564088.area
20,14074830.0,2018-05-27 18:42:51.264348.area
20,14093130.0,2018-05-27 18:42:55.957029.area
20,14093130.0,2018-05-27 18:43:00.662496.area
20,14118780.0,2018-05-27 18:43:05.365727.area
20,14118780.0,2018-05-27 18:43:10.093447.area
20,14118780.0,2018-05-27 18:43:14.804923.area
20,14118780.0,2018-05-27 18:43:19.516230.area
20,14118780.0,2018-05-27 18:43:24.227708.area
20,14127330.0,2018-05-27 18:43:28.982347.area
20,14127330.0,2018-05-27 18:43:33.690745.area
20,14075730.0,2018-05-27 18:43:38.430665.area
20,14127330.0,2018-05-27 18:43:43.185312.area
20,14123055.0,2018-05-27 18:43:47.911621.area
20,14127330.0,2018-05-27 18:43:52.643884.area
20,14126760.0,2018-05-27 18:43:57.441167.area
20,14127330.0,2018-05-27 18:44:02.177662.area
20,14127330.0,2018-05-27 18:44:06.951165.area
20,14130180.0,2018-05-27 18:44:11.733100.area
20,14111880.0,2018-05-27 18:44:16.530396.area
20,14095980.0,2018-05-27 18:44:21.305405.area
20,14128470.0,2018-05-27 18:44:26.066136.area
20,14125905.0,2018-05-27 18:44:30.870432.area
20,14138730.0,2018-05-27 18:44:35.653317.area
20,14138730.0,2018-05-27 18:44:40.489092.area
20,14130180.0,2018-05-27 18:44:45.285618.area
20,14138730.0,2018-05-27 18:44:50.076804.area
20,14138730.0,2018-05-27 18:44:54.857447.area
20,14138730.0,2018-05-27 18:44:59.653527.area
20,14138730.0,2018-05-27 18:45:04.476871.area
20,14113080.0,2018-05-27 18:45:09.271044.area
20,14104530.0,2018-05-27 18:45:14.067387.area
20,14138160.0,2018-05-27 18:45:18.864600.area
20,14125905.0,2018-05-27 18:45:23.655528.area
20,14138730.0,2018-05-27 18:45:28.472617.area
20,14141295.0,2018-05-27 18:45:33.266031.area
20,14141295.0,2018-05-27 18:45:38.037350.area
20,14141295.0,2018-05-27 18:45:42.813263.area
20,14107095.0,2018-05-27 18:45:47.577743.area
20,14141295.0,2018-05-27 18:45:52.355027.area
20,14149275.0,2018-05-27 18:45:57.146363.area
20,14153550.0,2018-05-27 18:46:01.950069.area
20,14145000.0,2018-05-27 18:46:06.758232.area
20,14153550.0,2018-05-27 18:46:11.590532.area
20,14153550.0,2018-05-27 18:46:16.385161.area
20,14153550.0,2018-05-27 18:46:21.190325.area
20,14149275.0,2018-05-27 18:46:26.005605.area
20,14153550.0,2018-05-27 18:46:30.830421.area
20,14205150.0,2018-05-27 18:46:35.696010.area
20,14186850.0,2018-05-27 18:46:40.606499.area
20,14205150.0,2018-05-27 18:46:45.521561.area
20,14205150.0,2018-05-27 18:46:50.431991.area
20,14205150.0,2018-05-27 18:46:55.350871.area
20,14205150.0,2018-05-27 18:47:00.275623.area
20,14205150.0,2018-05-27 18:47:05.219552.area
20,14156700.0,2018-05-27 18:47:10.122956.area
20,14205150.0,2018-05-27 18:47:15.050564.area
20,14163870.0,2018-05-27 18:47:19.984516.area
20,14205150.0,2018-05-27 18:47:24.917471.area
20,14205150.0,2018-05-27 18:47:29.870313.area
20,14200875.0,2018-05-27 18:47:34.797226.area
20,14205150.0,2018-05-27 18:47:39.779679.area
20,14205150.0,2018-05-27 18:47:44.718702.area
20,14170950.0,2018-05-27 18:47:49.636594.area
20,14230800.0,2018-05-27 18:47:54.570972.area
20,14230800.0,2018-05-27 18:47:59.513073.area
20,14230800.0,2018-05-27 18:48:04.448133.area
20,14230800.0,2018-05-27 18:48:09.373851.area
20,14243625.0,2018-05-27 18:48:14.317458.area
20,14243625.0,2018-05-27 18:48:19.255891.area
20,14243625.0,2018-05-27 18:48:24.177362.area
20,14243625.0,2018-05-27 18:48:29.138701.area
20,14243625.0,2018-05-27 18:48:34.078882.area
20,14239350.0,2018-05-27 18:48:39.012982.area
20,14217975.0,2018-05-27 18:48:43.952941.area
20,14243625.0,2018-05-27 18:48:48.890780.area
20,14274585.0,2018-05-27 18:48:53.845314.area
20,14289585.0,2018-05-27 18:48:58.818397.area
20,14263935.0,2018-05-27 18:49:03.776250.area
20,14289585.0,2018-05-27 18:49:08.758184.area
20,14302410.0,2018-05-27 18:49:13.769821.area
20,14302410.0,2018-05-27 18:49:18.773508.area
20,14326350.0,2018-05-27 18:49:23.801874.area
20,14326350.0,2018-05-27 18:49:28.903283.area
20,14314665.0,2018-05-27 18:49:33.947310.area
20,14326350.0,2018-05-27 18:49:39.003176.area
20,14308050.0,2018-05-27 18:49:44.069573.area
20,14326350.0,2018-05-27 18:49:49.129280.area
20,14326350.0,2018-05-27 18:49:54.188456.area
20,14317800.0,2018-05-27 18:49:59.239496.area
20,14326350.0,2018-05-27 18:50:04.288204.area
20,14326350.0,2018-05-27 18:50:09.374751.area
20,14326350.0,2018-05-27 18:50:14.445660.area
20,14302410.0,2018-05-27 18:50:19.477445.area
20,14326350.0,2018-05-27 18:50:24.554499.area
20,14326350.0,2018-05-27 18:50:29.652540.area
20,14194950.0,2018-05-27 18:50:34.607339.area
20,14326350.0,2018-05-27 18:50:39.731964.area
20,14326350.0,2018-05-27 18:50:44.789326.area
20,14326350.0,2018-05-27 18:50:49.851824.area
20,14304975.0,2018-05-27 18:50:54.897293.area
20,14326350.0,2018-05-27 18:50:59.958255.area
20,14326350.0,2018-05-27 18:51:05.023278.area
20,14326350.0,2018-05-27 18:51:10.110813.area
20,14326350.0,2018-05-27 18:51:15.181184.area
20,14326350.0,2018-05-27 18:51:20.246446.area
20,14326350.0,2018-05-27 18:51:25.319617.area
20,14326350.0,2018-05-27 18:51:30.389255.area
20,14326350.0,2018-05-27 18:51:35.482458.area
20,14302410.0,2018-05-27 18:51:40.538881.area
20,14277900.0,2018-05-27 18:51:45.578560.area
20,14304975.0,2018-05-27 18:51:50.634634.area
20,14313525.0,2018-05-27 18:51:55.699097.area
20,14326350.0,2018-05-27 18:52:00.712207.area
20,14313525.0,2018-05-27 18:52:05.758856.area
20,14334900.0,2018-05-27 18:52:10.831751.area
20,14316600.0,2018-05-27 18:52:15.893946.area
20,14273625.0,2018-05-27 18:52:20.922477.area
20,14334900.0,2018-05-27 18:52:25.983359.area
20,14334900.0,2018-05-27 18:52:31.075320.area
20,14334900.0,2018-05-27 18:52:36.145689.area
20,14310960.0,2018-05-27 18:52:41.236335.area
20,14334900.0,2018-05-27 18:52:46.249210.area
20,14334900.0,2018-05-27 18:52:51.310020.area
20,14334900.0,2018-05-27 18:52:56.347357.area
20,14352000.0,2018-05-27 18:53:01.417530.area
20,14333700.0,2018-05-27 18:53:06.491002.area
20,14352000.0,2018-05-27 18:53:11.592139.area
20,14347725.0,2018-05-27 18:53:16.691370.area
20,14337750.0,2018-05-27 18:53:21.804148.area
20,14352000.0,2018-05-27 18:53:26.888692.area
20,14352000.0,2018-05-27 18:53:32.008148.area
20,14347725.0,2018-05-27 18:53:37.104189.area
20,14352000.0,2018-05-27 18:53:42.238158.area
20,14352000.0,2018-05-27 18:53:47.356258.area
20,14352000.0,2018-05-27 18:53:52.454939.area
20,14352000.0,2018-05-27 18:53:57.537152.area
20,14352000.0,2018-05-27 18:54:02.625858.area
20,14352000.0,2018-05-27 18:54:07.720670.area
20,14352000.0,2018-05-27 18:54:12.801656.area
20,14330625.0,2018-05-27 18:54:17.869919.area
20,14352000.0,2018-05-27 18:54:22.928196.area
20,14352000.0,2018-05-27 18:54:28.001658.area
20,14352000.0,2018-05-27 18:54:33.081208.area
20,14352000.0,2018-05-27 18:54:38.163244.area
20,14352000.0,2018-05-27 18:54:43.272995.area
20,14352000.0,2018-05-27 18:54:48.391373.area
20,14334900.0,2018-05-27 18:54:53.482868.area
20,14352000.0,2018-05-27 18:54:58.587061.area
20,14352000.0,2018-05-27 18:55:03.694799.area
20,14352000.0,2018-05-27 18:55:08.722518.area
20,14278800.0,2018-05-27 18:55:13.823749.area
20,14336040.0,2018-05-27 18:55:18.929899.area
20,14352000.0,2018-05-27 18:55:23.972571.area
20,14343450.0,2018-05-27 18:55:29.103488.area
20,14364255.0,2018-05-27 18:55:34.209597.area
20,14356275.0,2018-05-27 18:55:39.374426.area
20,14364255.0,2018-05-27 18:55:44.495468.area
20,14364255.0,2018-05-27 18:55:49.608936.area
20,14364255.0,2018-05-27 18:55:54.729679.area
20,14364255.0,2018-05-27 18:55:59.847959.area
20,14364255.0,2018-05-27 18:56:04.964786.area
20,14364255.0,2018-05-27 18:56:10.067311.area
20,14364255.0,2018-05-27 18:56:15.202408.area
20,14364255.0,2018-05-27 18:56:20.320351.area
20,14364255.0,2018-05-27 18:56:25.435598.area
20,14364255.0,2018-05-27 18:56:30.548823.area
20,14345955.0,2018-05-27 18:56:35.663060.area
20,14364255.0,2018-05-27 18:56:40.788177.area
20,14350005.0,2018-05-27 18:56:45.931598.area
20,14345955.0,2018-05-27 18:56:51.049545.area
20,14351430.0,2018-05-27 18:56:56.159031.area
20,14364255.0,2018-05-27 18:57:01.225229.area
20,14419155.0,2018-05-27 18:57:06.370607.area
20,14419155.0,2018-05-27 18:57:11.552705.area
20,14406330.0,2018-05-27 18:57:16.721061.area
20,14419155.0,2018-05-27 18:57:21.896766.area
20,14419155.0,2018-05-27 18:57:27.014056.area
20,14419155.0,2018-05-27 18:57:32.208495.area
20,14419155.0,2018-05-27 18:57:37.359844.area
20,14419155.0,2018-05-27 18:57:42.514923.area
20,14443335.0,2018-05-27 18:57:47.719679.area
20,14470410.0,2018-05-27 18:57:52.969075.area
20,14470410.0,2018-05-27 18:57:58.222917.area
20,14470410.0,2018-05-27 18:58:03.470364.area
20,14449035.0,2018-05-27 18:58:08.706530.area
20,14470410.0,2018-05-27 18:58:13.983701.area
20,14440485.0,2018-05-27 18:58:19.227410.area
20,14470410.0,2018-05-27 18:58:24.476309.area
20,14470410.0,2018-05-27 18:58:29.752760.area
20,14470410.0,2018-05-27 18:58:34.987644.area
20,14470410.0,2018-05-27 18:58:40.291135.area
20,14470410.0,2018-05-27 18:58:45.537237.area
20,14468700.0,2018-05-27 18:58:50.770036.area
20,14470410.0,2018-05-27 18:58:56.012568.area
20,14470410.0,2018-05-27 18:59:01.273092.area
20,14470410.0,2018-05-27 18:59:06.538424.area
20,14470410.0,2018-05-27 18:59:11.785854.area
20,14430510.0,2018-05-27 18:59:17.038097.area
20,14470410.0,2018-05-27 18:59:22.295346.area
20,14470410.0,2018-05-27 18:59:27.553235.area
20,14470410.0,2018-05-27 18:59:32.832868.area
20,14470410.0,2018-05-27 18:59:37.958591.area
20,14470410.0,2018-05-27 18:59:43.238560.area
20,14455590.0,2018-05-27 18:59:48.502660.area
20,14470410.0,2018-05-27 18:59:53.774270.area
20,14430510.0,2018-05-27 18:59:59.034997.area
20,14461860.0,2018-05-27 19:00:04.316646.area
20,14470410.0,2018-05-27 19:00:09.618933.area
20,14452110.0,2018-05-27 19:00:14.873571.area
20,14470410.0,2018-05-27 19:00:20.111958.area
20,14470410.0,2018-05-27 19:00:25.399874.area
20,14470410.0,2018-05-27 19:00:30.720885.area
20,14339010.0,2018-05-27 19:00:35.914756.area
20,14470410.0,2018-05-27 19:00:41.212987.area
20,14421960.0,2018-05-27 19:00:46.457686.area
20,14470410.0,2018-05-27 19:00:51.731862.area
20,14470410.0,2018-05-27 19:00:57.010746.area
20,14457585.0,2018-05-27 19:01:02.284626.area
20,14421960.0,2018-05-27 19:01:07.522446.area
20,14461860.0,2018-05-27 19:01:12.797278.area
20,14470410.0,2018-05-27 19:01:18.074277.area
20,14470410.0,2018-05-27 19:01:23.346245.area
20,14470410.0,2018-05-27 19:01:28.624943.area
20,14470410.0,2018-05-27 19:01:33.875290.area
20,14470410.0,2018-05-27 19:01:39.189727.area
20,14470410.0,2018-05-27 19:01:44.463818.area
20,14339010.0,2018-05-27 19:01:49.629868.area
20,14431935.0,2018-05-27 19:01:54.887965.area
20,14453310.0,2018-05-27 19:02:00.156152.area
20,14491050.0,2018-05-27 19:02:05.456306.area
20,14491050.0,2018-05-27 19:02:10.790607.area
20,14459130.0,2018-05-27 19:02:16.078973.area
20,14499030.0,2018-05-27 19:02:21.417997.area
20,14499030.0,2018-05-27 19:02:26.781386.area
20,14507580.0,2018-05-27 19:02:32.157617.area
20,14476620.0,2018-05-27 19:02:37.521651.area
20,14507580.0,2018-05-27 19:02:42.845980.area
20,14469105.0,2018-05-27 19:02:48.196093.area
20,14507580.0,2018-05-27 19:02:53.557649.area
20,14507580.0,2018-05-27 19:02:58.929295.area
20,14507580.0,2018-05-27 19:03:04.298941.area
20,14520405.0,2018-05-27 19:03:09.728340.area
20,14520405.0,2018-05-27 19:03:15.207666.area
20,14520405.0,2018-05-27 19:03:20.598738.area
20,14520405.0,2018-05-27 19:03:25.995178.area
20,14520405.0,2018-05-27 19:03:31.403533.area
20,14520405.0,2018-05-27 19:03:36.789370.area
20,14520405.0,2018-05-27 19:03:42.197679.area
20,14520405.0,2018-05-27 19:03:47.622692.area
20,14520405.0,2018-05-27 19:03:53.059148.area
20,14520405.0,2018-05-27 19:03:58.510511.area
20,14520405.0,2018-05-27 19:04:03.955120.area
20,14518125.0,2018-05-27 19:04:09.394485.area
20,14520405.0,2018-05-27 19:04:14.906164.area
20,14520405.0,2018-05-27 19:04:20.364987.area
20,14502105.0,2018-05-27 19:04:25.921010.area
20,14520405.0,2018-05-27 19:04:31.462142.area
20,14516130.0,2018-05-27 19:04:36.982590.area
20,14611905.0,2018-05-27 19:04:42.532293.area
20,14586255.0,2018-05-27 19:04:48.089311.area
20,14611905.0,2018-05-27 19:04:53.657611.area
20,14611905.0,2018-05-27 19:04:59.222674.area
20,14611905.0,2018-05-27 19:05:04.787089.area
20,14611905.0,2018-05-27 19:05:10.370521.area
20,14611905.0,2018-05-27 19:05:15.941519.area
20,14616180.0,2018-05-27 19:05:21.515617.area
20,14616180.0,2018-05-27 19:05:27.106825.area
20,14616180.0,2018-05-27 19:05:32.899164.area
20,14616180.0,2018-05-27 19:05:38.686877.area
20,14595540.0,2018-05-27 19:05:44.379309.area
20,14616180.0,2018-05-27 19:05:50.109482.area
20,14597880.0,2018-05-27 19:05:55.672198.area
20,14616180.0,2018-05-27 19:06:01.250250.area
20,14616180.0,2018-05-27 19:06:06.835874.area
20,14616180.0,2018-05-27 19:06:12.420202.area
20,14616180.0,2018-05-27 19:06:17.982077.area
20,14577705.0,2018-05-27 19:06:23.527777.area
20,14616180.0,2018-05-27 19:06:29.161341.area
20,14616180.0,2018-05-27 19:06:34.724547.area
20,14616180.0,2018-05-27 19:06:40.354746.area
20,14594805.0,2018-05-27 19:06:45.930386.area
20,14640690.0,2018-05-27 19:06:51.521513.area
20,14640690.0,2018-05-27 19:06:57.127217.area
20,14640690.0,2018-05-27 19:07:02.731497.area
20,14640690.0,2018-05-27 19:07:08.343162.area
20,14640690.0,2018-05-27 19:07:13.948024.area
20,14640690.0,2018-05-27 19:07:19.513384.area
20,14640690.0,2018-05-27 19:07:25.101066.area
20,14640690.0,2018-05-27 19:07:30.729049.area
20,14640690.0,2018-05-27 19:07:36.336883.area
20,14640690.0,2018-05-27 19:07:41.922888.area
20,14719530.0,2018-05-27 19:07:47.584495.area
20,14719530.0,2018-05-27 19:07:53.303889.area
20,14719530.0,2018-05-27 19:07:58.962241.area
20,14719530.0,2018-05-27 19:08:04.625550.area
20,14658255.0,2018-05-27 19:08:10.329980.area
20,14719530.0,2018-05-27 19:08:16.069687.area
20,14719530.0,2018-05-27 19:08:21.796300.area
20,14719530.0,2018-05-27 19:08:27.524416.area
20,14706705.0,2018-05-27 19:08:33.259613.area
20,14719530.0,2018-05-27 19:08:38.989552.area
20,14693250.0,2018-05-27 19:08:44.841603.area
20,14719530.0,2018-05-27 19:08:50.569338.area
20,14719530.0,2018-05-27 19:08:56.318066.area
20,14715255.0,2018-05-27 19:09:02.078751.area
20,14762580.0,2018-05-27 19:09:07.799137.area
20,14762580.0,2018-05-27 19:09:13.560799.area
20,14741205.0,2018-05-27 19:09:19.271305.area
20,14745480.0,2018-05-27 19:09:25.048540.area
20,14762580.0,2018-05-27 19:09:30.939811.area
20,14745480.0,2018-05-27 19:09:36.645853.area
20,14762580.0,2018-05-27 19:09:42.416216.area
20,14762580.0,2018-05-27 19:09:48.111814.area
20,14762580.0,2018-05-27 19:09:53.817488.area
20,14762580.0,2018-05-27 19:09:59.528656.area
20,14762580.0,2018-05-27 19:10:05.258325.area
20,14762580.0,2018-05-27 19:10:11.155311.area
20,14762580.0,2018-05-27 19:10:16.852440.area
20,14758305.0,2018-05-27 19:10:22.646056.area
20,14762580.0,2018-05-27 19:10:28.382607.area
20,14762580.0,2018-05-27 19:10:34.084673.area
20,14749755.0,2018-05-27 19:10:39.839382.area
20,14722680.0,2018-05-27 19:10:45.499726.area
20,14779680.0,2018-05-27 19:10:51.203621.area
20,14779680.0,2018-05-27 19:10:56.939628.area
20,14815305.0,2018-05-27 19:11:02.661530.area
20,14815305.0,2018-05-27 19:11:08.413634.area
20,14814165.0,2018-05-27 19:11:14.184283.area
20,14815305.0,2018-05-27 19:11:19.942203.area
20,14815305.0,2018-05-27 19:11:25.689715.area
20,14710185.0,2018-05-27 19:11:31.396046.area
20,14815305.0,2018-05-27 19:11:37.135334.area
20,14815305.0,2018-05-27 19:11:42.936061.area
20,14815875.0,2018-05-27 19:11:48.688909.area
20,14815875.0,2018-05-27 19:11:54.439990.area
20,14820150.0,2018-05-27 19:12:00.181150.area
20,14767590.0,2018-05-27 19:12:05.902498.area
20,14820150.0,2018-05-27 19:12:11.698006.area
20,14688750.0,2018-05-27 19:12:17.350999.area
20,14788230.0,2018-05-27 19:12:23.123009.area
20,14801850.0,2018-05-27 19:12:28.891406.area
20,14768550.0,2018-05-27 19:12:34.623781.area
20,14820150.0,2018-05-27 19:12:40.437291.area
20,14820150.0,2018-05-27 19:12:46.169805.area
20,14809035.0,2018-05-27 19:12:51.959388.area
20,14820150.0,2018-05-27 19:12:57.726096.area
20,14820150.0,2018-05-27 19:13:03.499325.area
20,14688750.0,2018-05-27 19:13:09.153352.area
20,14820150.0,2018-05-27 19:13:14.912540.area
20,14820150.0,2018-05-27 19:13:20.673776.area
20,14820150.0,2018-05-27 19:13:26.441859.area
20,14815875.0,2018-05-27 19:13:32.219767.area
20,14820150.0,2018-05-27 19:13:37.966590.area
20,14820150.0,2018-05-27 19:13:43.717050.area
20,14820150.0,2018-05-27 19:13:49.458202.area
20,14807325.0,2018-05-27 19:13:55.186765.area
20,14811600.0,2018-05-27 19:14:00.952423.area
20,14809035.0,2018-05-27 19:14:06.702576.area
20,14820150.0,2018-05-27 19:14:12.444148.area
20,14820150.0,2018-05-27 19:14:18.208827.area
20,14780250.0,2018-05-27 19:14:23.919929.area
20,14824425.0,2018-05-27 19:14:29.683616.area
20,14824425.0,2018-05-27 19:14:35.412071.area
20,14824425.0,2018-05-27 19:14:41.153839.area
20,14745585.0,2018-05-27 19:14:46.847834.area
20,14811600.0,2018-05-27 19:14:52.573270.area
20,14806125.0,2018-05-27 19:14:58.291624.area
20,14824425.0,2018-05-27 19:15:04.030605.area
20,14784525.0,2018-05-27 19:15:09.766153.area
20,14820150.0,2018-05-27 19:15:15.498934.area
20,14824425.0,2018-05-27 19:15:21.209506.area
20,14824425.0,2018-05-27 19:15:26.885254.area
20,14768850.0,2018-05-27 19:15:32.631128.area
20,14820720.0,2018-05-27 19:15:38.419551.area
20,14824425.0,2018-05-27 19:15:44.572880.area
20,14824425.0,2018-05-27 19:15:50.467068.area
20,14806125.0,2018-05-27 19:15:56.195641.area
20,14806125.0,2018-05-27 19:16:01.944461.area
20,14824425.0,2018-05-27 19:16:07.666929.area
20,14832975.0,2018-05-27 19:16:13.436520.area
20,14801055.0,2018-05-27 19:16:19.207737.area
20,14832975.0,2018-05-27 19:16:24.951091.area
20,14832975.0,2018-05-27 19:16:30.707378.area
20,14828700.0,2018-05-27 19:16:36.450053.area
20,14832975.0,2018-05-27 19:16:42.192360.area
20,14832975.0,2018-05-27 19:16:47.942229.area
20,14832975.0,2018-05-27 19:16:53.679353.area
20,14832975.0,2018-05-27 19:16:59.423485.area
20,14701575.0,2018-05-27 19:17:05.059317.area
20,14832975.0,2018-05-27 19:17:10.817179.area
20,14832975.0,2018-05-27 19:17:16.555504.area
20,14832975.0,2018-05-27 19:17:22.319131.area
20,14906175.0,2018-05-27 19:17:28.082063.area
20,14947455.0,2018-05-27 19:17:33.947516.area
20,14938905.0,2018-05-27 19:17:39.852281.area
20,14947455.0,2018-05-27 19:17:45.742768.area
20,14947455.0,2018-05-27 19:17:51.626701.area
20,14816055.0,2018-05-27 19:17:57.394269.area
20,14956005.0,2018-05-27 19:18:03.289615.area
20,14951730.0,2018-05-27 19:18:09.190047.area
20,14956005.0,2018-05-27 19:18:15.099625.area
20,14956005.0,2018-05-27 19:18:20.988313.area
20,14913765.0,2018-05-27 19:18:26.863768.area
20,14956005.0,2018-05-27 19:18:32.790926.area
20,14956005.0,2018-05-27 19:18:38.703664.area
20,14943180.0,2018-05-27 19:18:44.629196.area
20,14956005.0,2018-05-27 19:18:50.531169.area
20,14940045.0,2018-05-27 19:18:56.419279.area
20,14956005.0,2018-05-27 19:19:02.338907.area
20,14956005.0,2018-05-27 19:19:08.243971.area
20,15010905.0,2018-05-27 19:19:14.178832.area
20,15010905.0,2018-05-27 19:19:20.095386.area
20,15010905.0,2018-05-27 19:19:26.010385.area
20,15010905.0,2018-05-27 19:19:31.930068.area
20,15010905.0,2018-05-27 19:19:37.842006.area
20,15010905.0,2018-05-27 19:19:43.770896.area
20,14998080.0,2018-05-27 19:19:49.682225.area
20,15014775.0,2018-05-27 19:19:55.635778.area
20,14978175.0,2018-05-27 19:20:01.594318.area
20,15014775.0,2018-05-27 19:20:07.558210.area
20,15014775.0,2018-05-27 19:20:13.524596.area
20,15014775.0,2018-05-27 19:20:19.482439.area
20,15014775.0,2018-05-27 19:20:25.435470.area
20,14984850.0,2018-05-27 19:20:31.393632.area
20,15014775.0,2018-05-27 19:20:37.353030.area
20,15014775.0,2018-05-27 19:20:43.320913.area
20,15013635.0,2018-05-27 19:20:49.266985.area
